sim,sampled_years,value_per_share
0,"[2019, 2026, 2024, 2023, 2019]",3073.86
1,"[2026, 2018, 2018, 2018, 2026]",2618.2
2,"[2023, 2019, 2023, 2025, 2018]",3226.67
3,"[2024, 2023, 2026, 2018, 2018]",3268.6
4,"[2019, 2024, 2025, 2026, 2018]",2736.65
5,"[2023, 2023, 2024, 2023, 2019]",3489.71
6,"[2024, 2018, 2018, 2024, 2025]",2249.47
7,"[2023, 2024, 2018, 2025, 2019]",2951.06
8,"[2019, 2018, 2026, 2024, 2024]",2954.0
9,"[2026, 2023, 2024, 2025, 2019]",3359.07
10,"[2024, 2025, 2026, 2019, 2019]",2775.11
11,"[2024, 2025, 2023, 2024, 2019]",2782.64
12,"[2023, 2019, 2026, 2024, 2023]",4568.4
13,"[2025, 2023, 2019, 2023, 2026]",2556.87
14,"[2018, 2025, 2025, 2019, 2023]",3407.04
15,"[2024, 2026, 2018, 2018, 2026]",2610.92
16,"[2024, 2025, 2018, 2019, 2025]",2180.83
17,"[2025, 2018, 2025, 2025, 2019]",2367.92
18,"[2023, 2023, 2025, 2024, 2019]",3244.17
19,"[2023, 2024, 2023, 2018, 2024]",3434.49
20,"[2019, 2026, 2019, 2019, 2018]",2966.14
21,"[2024, 2019, 2024, 2019, 2024]",2816.93
22,"[2026, 2018, 2024, 2024, 2019]",3042.9
23,"[2026, 2019, 2018, 2024, 2025]",2582.43
24,"[2025, 2025, 2026, 2018, 2019]",2601.54
25,"[2025, 2019, 2024, 2024, 2018]",2581.98
26,"[2019, 2024, 2025, 2019, 2024]",2704.92
27,"[2019, 2024, 2019, 2023, 2018]",2799.29
28,"[2018, 2019, 2026, 2023, 2018]",2964.51
29,"[2018, 2025, 2025, 2018, 2024]",2547.72
30,"[2018, 2026, 2024, 2026, 2026]",2689.27
31,"[2019, 2019, 2025, 2026, 2019]",2615.34
32,"[2019, 2018, 2026, 2024, 2018]",2859.25
33,"[2019, 2023, 2019, 2019, 2025]",2458.0
34,"[2024, 2024, 2023, 2023, 2018]",3112.42
35,"[2018, 2026, 2019, 2019, 2024]",3038.03
36,"[2018, 2019, 2023, 2023, 2024]",3043.13
37,"[2019, 2018, 2019, 2026, 2023]",3754.37
38,"[2023, 2025, 2026, 2023, 2019]",3258.09
39,"[2018, 2018, 2023, 2024, 2025]",2366.42
40,"[2025, 2024, 2018, 2026, 2019]",2614.92
41,"[2026, 2025, 2024, 2023, 2018]",3169.04
42,"[2023, 2023, 2018, 2018, 2023]",4607.58
43,"[2025, 2026, 2024, 2023, 2026]",2623.76
44,"[2026, 2023, 2023, 2018, 2019]",3626.61
45,"[2023, 2023, 2025, 2023, 2023]",4751.81
46,"[2025, 2024, 2026, 2024, 2025]",2370.47
47,"[2026, 2019, 2026, 2023, 2025]",2937.13
48,"[2026, 2026, 2024, 2025, 2023]",4828.04
49,"[2019, 2019, 2025, 2018, 2019]",2498.09
50,"[2018, 2024, 2026, 2019, 2023]",3988.33
51,"[2023, 2018, 2023, 2018, 2023]",4455.05
52,"[2024, 2019, 2023, 2024, 2025]",2464.67
53,"[2026, 2018, 2019, 2025, 2023]",4163.95
54,"[2025, 2018, 2023, 2018, 2018]",2713.65
55,"[2019, 2023, 2019, 2025, 2023]",3988.96
56,"[2024, 2024, 2024, 2024, 2019]",2736.03
57,"[2026, 2026, 2024, 2024, 2018]",3559.01
58,"[2019, 2024, 2018, 2023, 2023]",3835.49
59,"[2024, 2019, 2023, 2018, 2024]",3003.31
60,"[2019, 2023, 2023, 2019, 2019]",3096.53
61,"[2026, 2018, 2023, 2023, 2025]",2906.38
62,"[2024, 2024, 2023, 2025, 2018]",2937.77
63,"[2019, 2026, 2023, 2025, 2023]",4387.56
64,"[2019, 2018, 2018, 2025, 2024]",2645.62
65,"[2024, 2018, 2019, 2018, 2024]",2753.53
66,"[2024, 2026, 2023, 2019, 2018]",3300.43
67,"[2018, 2023, 2026, 2024, 2024]",3294.89
68,"[2019, 2025, 2023, 2023, 2018]",2887.64
69,"[2019, 2023, 2023, 2018, 2019]",3090.58
70,"[2018, 2025, 2018, 2026, 2026]",2266.92
71,"[2019, 2024, 2019, 2018, 2026]",2306.29
72,"[2019, 2018, 2019, 2024, 2025]",2201.34
73,"[2019, 2018, 2023, 2023, 2023]",4060.83
74,"[2018, 2026, 2023, 2024, 2025]",2693.87
75,"[2019, 2018, 2026, 2023, 2023]",4096.61
76,"[2019, 2023, 2018, 2019, 2018]",2917.07
77,"[2019, 2019, 2024, 2025, 2024]",2712.78
78,"[2023, 2023, 2023, 2018, 2018]",3642.81
79,"[2023, 2026, 2018, 2023, 2026]",3073.07
80,"[2026, 2025, 2019, 2024, 2019]",2931.74
81,"[2025, 2019, 2019, 2025, 2018]",2495.08
82,"[2023, 2026, 2025, 2018, 2023]",4603.34
83,"[2019, 2023, 2025, 2019, 2024]",2963.7
84,"[2024, 2025, 2018, 2018, 2018]",2595.16
85,"[2019, 2026, 2024, 2018, 2019]",2928.8
86,"[2023, 2025, 2026, 2025, 2018]",3151.28
87,"[2026, 2018, 2018, 2019, 2023]",4193.35
88,"[2025, 2023, 2024, 2024, 2018]",2886.97
89,"[2018, 2024, 2018, 2026, 2024]",2849.33
90,"[2018, 2026, 2025, 2019, 2023]",3977.98
91,"[2026, 2018, 2023, 2019, 2023]",4563.21
92,"[2019, 2026, 2026, 2026, 2024]",3495.91
93,"[2026, 2019, 2025, 2018, 2025]",2513.58
94,"[2026, 2018, 2024, 2026, 2024]",3343.4
95,"[2019, 2023, 2026, 2018, 2024]",3290.95
96,"[2025, 2025, 2024, 2018, 2026]",2145.63
97,"[2023, 2024, 2018, 2026, 2019]",3120.33
98,"[2018, 2026, 2023, 2026, 2019]",3249.81
99,"[2019, 2018, 2025, 2025, 2025]",2112.06
100,"[2019, 2019, 2026, 2018, 2019]",2778.86
101,"[2019, 2025, 2023, 2024, 2023]",3828.84
102,"[2019, 2018, 2026, 2023, 2024]",3068.77
103,"[2018, 2024, 2025, 2025, 2023]",3537.42
104,"[2023, 2019, 2026, 2026, 2018]",3432.12
105,"[2018, 2026, 2018, 2025, 2023]",3995.95
106,"[2024, 2018, 2019, 2026, 2025]",2338.68
107,"[2024, 2026, 2018, 2023, 2026]",2741.7
108,"[2024, 2026, 2026, 2023, 2025]",2910.57
109,"[2018, 2023, 2019, 2025, 2019]",2799.11
110,"[2023, 2019, 2023, 2023, 2025]",2871.69
111,"[2024, 2026, 2023, 2023, 2018]",3456.25
112,"[2023, 2018, 2018, 2023, 2019]",3044.73
113,"[2023, 2023, 2024, 2026, 2024]",3688.25
114,"[2023, 2018, 2025, 2024, 2026]",2555.1
115,"[2025, 2025, 2025, 2024, 2018]",2421.29
116,"[2023, 2026, 2018, 2026, 2025]",2970.66
117,"[2023, 2023, 2026, 2019, 2024]",3791.29
118,"[2025, 2026, 2024, 2025, 2026]",2472.26
119,"[2026, 2026, 2018, 2023, 2019]",3539.55
120,"[2026, 2018, 2023, 2026, 2025]",2894.89
121,"[2026, 2018, 2025, 2018, 2018]",2982.05
122,"[2026, 2026, 2026, 2025, 2025]",3131.01
123,"[2025, 2025, 2025, 2018, 2018]",2397.41
124,"[2024, 2019, 2019, 2019, 2026]",2323.32
125,"[2019, 2018, 2019, 2026, 2023]",3754.37
126,"[2019, 2019, 2018, 2023, 2026]",2362.44
127,"[2018, 2026, 2023, 2024, 2018]",3214.06
128,"[2024, 2025, 2019, 2023, 2019]",2667.1
129,"[2018, 2026, 2025, 2025, 2026]",2454.23
130,"[2025, 2023, 2025, 2018, 2023]",3803.04
131,"[2018, 2025, 2019, 2023, 2023]",3636.36
132,"[2026, 2023, 2024, 2025, 2024]",3558.49
133,"[2026, 2026, 2026, 2023, 2018]",3978.59
134,"[2026, 2018, 2025, 2018, 2025]",2497.63
135,"[2024, 2025, 2024, 2018, 2025]",2217.43
136,"[2019, 2024, 2019, 2025, 2026]",2282.34
137,"[2019, 2023, 2024, 2023, 2025]",2612.51
138,"[2024, 2025, 2025, 2018, 2023]",3519.15
139,"[2019, 2026, 2018, 2025, 2023]",4031.46
140,"[2023, 2024, 2019, 2018, 2024]",3169.78
141,"[2019, 2025, 2018, 2024, 2025]",2142.55
142,"[2018, 2018, 2023, 2018, 2018]",2791.29
143,"[2023, 2025, 2026, 2019, 2024]",3295.33
144,"[2023, 2023, 2025, 2026, 2023]",4756.84
145,"[2019, 2019, 2023, 2026, 2019]",2893.68
146,"[2026, 2025, 2025, 2019, 2019]",2847.84
147,"[2024, 2026, 2018, 2025, 2024]",3093.54
148,"[2023, 2024, 2018, 2018, 2026]",2642.18
149,"[2018, 2023, 2023, 2019, 2024]",3249.83
150,"[2019, 2023, 2018, 2018, 2026]",2517.32
151,"[2018, 2026, 2019, 2019, 2024]",3038.03
152,"[2019, 2023, 2025, 2025, 2023]",3908.29
153,"[2019, 2026, 2018, 2024, 2023]",4110.35
154,"[2025, 2026, 2023, 2023, 2023]",4475.28
155,"[2019, 2018, 2019, 2026, 2024]",2810.34
156,"[2018, 2018, 2024, 2025, 2023]",3565.04
157,"[2024, 2026, 2019, 2018, 2026]",2621.86
158,"[2025, 2019, 2026, 2019, 2024]",2843.23
159,"[2026, 2025, 2026, 2026, 2024]",3515.26
160,"[2023, 2018, 2023, 2025, 2026]",2771.69
161,"[2025, 2023, 2026, 2018, 2025]",2572.27
162,"[2018, 2018, 2026, 2019, 2019]",2742.38
163,"[2024, 2026, 2024, 2026, 2024]",3335.49
164,"[2023, 2026, 2018, 2018, 2025]",2840.04
165,"[2026, 2023, 2019, 2025, 2024]",3507.78
166,"[2023, 2018, 2018, 2025, 2023]",4058.1
167,"[2025, 2026, 2019, 2025, 2018]",2824.55
168,"[2024, 2018, 2025, 2025, 2019]",2521.17
169,"[2026, 2023, 2026, 2018, 2024]",3863.18
170,"[2026, 2025, 2019, 2026, 2025]",2607.77
171,"[2026, 2025, 2024, 2026, 2024]",3268.61
172,"[2019, 2019, 2026, 2026, 2026]",2573.66
173,"[2018, 2024, 2024, 2018, 2019]",2617.68
174,"[2023, 2019, 2025, 2019, 2019]",2878.92
175,"[2026, 2023, 2025, 2024, 2026]",2929.03
176,"[2018, 2018, 2025, 2024, 2025]",2137.43
177,"[2019, 2018, 2018, 2023, 2025]",2278.76
178,"[2023, 2026, 2026, 2023, 2024]",4025.42
179,"[2019, 2026, 2026, 2019, 2026]",2788.2
180,"[2024, 2018, 2023, 2023, 2026]",2621.77
181,"[2023, 2018, 2019, 2019, 2018]",2994.08
182,"[2025, 2023, 2023, 2026, 2026]",2761.63
183,"[2026, 2018, 2019, 2024, 2026]",2655.37
184,"[2025, 2023, 2024, 2025, 2024]",2923.31
185,"[2025, 2026, 2025, 2019, 2024]",2892.63
186,"[2025, 2018, 2024, 2025, 2024]",2597.57
187,"[2019, 2018, 2019, 2025, 2018]",2572.22
188,"[2018, 2024, 2026, 2023, 2023]",4171.53
189,"[2019, 2025, 2018, 2025, 2025]",2099.34
190,"[2025, 2026, 2025, 2018, 2019]",2724.55
191,"[2019, 2025, 2026, 2019, 2026]",2393.4
192,"[2018, 2025, 2026, 2026, 2018]",2874.42
193,"[2024, 2025, 2026, 2018, 2026]",2451.26
194,"[2024, 2019, 2018, 2025, 2023]",3646.25
195,"[2018, 2019, 2019, 2019, 2018]",2597.72
196,"[2019, 2026, 2024, 2025, 2025]",2488.88
197,"[2024, 2023, 2023, 2024, 2019]",3202.53
198,"[2024, 2024, 2018, 2024, 2024]",2843.97
199,"[2019, 2023, 2018, 2023, 2023]",4200.12
200,"[2025, 2018, 2018, 2025, 2023]",3402.64
201,"[2019, 2026, 2025, 2019, 2019]",2832.35
202,"[2026, 2024, 2025, 2026, 2019]",3128.56
203,"[2019, 2025, 2025, 2023, 2025]",2190.01
204,"[2026, 2019, 2018, 2023, 2018]",3202.6
205,"[2019, 2019, 2019, 2018, 2024]",2701.05
206,"[2026, 2024, 2018, 2026, 2018]",3262.3
207,"[2018, 2018, 2026, 2019, 2019]",2742.38
208,"[2026, 2019, 2024, 2026, 2019]",3175.69
209,"[2026, 2018, 2024, 2025, 2023]",4223.98
210,"[2019, 2024, 2023, 2019, 2025]",2431.56
211,"[2025, 2024, 2019, 2024, 2025]",2178.4
212,"[2024, 2023, 2026, 2018, 2023]",4511.28
213,"[2025, 2026, 2024, 2018, 2026]",2498.45
214,"[2019, 2018, 2024, 2024, 2023]",3666.46
215,"[2018, 2019, 2026, 2024, 2018]",2853.24
216,"[2023, 2019, 2024, 2018, 2025]",2560.11
217,"[2025, 2026, 2019, 2024, 2019]",2810.34
218,"[2019, 2024, 2018, 2018, 2024]",2744.43
219,"[2024, 2026, 2025, 2023, 2026]",2695.72
220,"[2018, 2023, 2026, 2025, 2019]",3048.57
221,"[2019, 2024, 2024, 2026, 2024]",2928.07
222,"[2026, 2026, 2025, 2019, 2026]",2936.65
223,"[2026, 2018, 2018, 2025, 2018]",3001.67
224,"[2025, 2018, 2018, 2025, 2018]",2468.44
225,"[2023, 2023, 2024, 2018, 2018]",3410.46
226,"[2023, 2023, 2025, 2024, 2024]",3435.03
227,"[2018, 2023, 2018, 2025, 2025]",2397.46
228,"[2025, 2026, 2026, 2026, 2023]",4519.8
229,"[2019, 2019, 2025, 2026, 2023]",3703.36
230,"[2023, 2025, 2025, 2019, 2023]",3951.54
231,"[2018, 2024, 2018, 2025, 2024]",2693.94
232,"[2026, 2023, 2025, 2024, 2019]",3308.32
233,"[2026, 2024, 2019, 2024, 2018]",3159.48
234,"[2019, 2018, 2019, 2026, 2024]",2810.34
235,"[2025, 2018, 2019, 2024, 2023]",3484.43
236,"[2023, 2023, 2019, 2024, 2023]",4674.31
237,"[2025, 2023, 2023, 2019, 2019]",2984.69
238,"[2026, 2018, 2025, 2018, 2018]",2982.05
239,"[2026, 2025, 2025, 2018, 2026]",2515.14
240,"[2023, 2026, 2024, 2024, 2024]",3603.46
241,"[2026, 2019, 2026, 2026, 2023]",4852.52
242,"[2018, 2023, 2023, 2019, 2018]",3146.78
243,"[2026, 2025, 2023, 2026, 2024]",3493.1
244,"[2026, 2025, 2023, 2025, 2018]",3195.51
245,"[2025, 2025, 2023, 2026, 2026]",2398.71
246,"[2019, 2026, 2025, 2024, 2024]",3025.16
247,"[2019, 2018, 2023, 2024, 2025]",2386.68
248,"[2018, 2018, 2026, 2026, 2024]",3037.47
249,"[2023, 2018, 2019, 2025, 2019]",2885.69
250,"[2018, 2023, 2026, 2026, 2023]",4572.27
251,"[2026, 2023, 2024, 2019, 2026]",3010.56
252,"[2026, 2019, 2023, 2023, 2018]",3487.27
253,"[2025, 2023, 2025, 2024, 2026]",2409.1
254,"[2023, 2018, 2024, 2019, 2025]",2548.57
255,"[2023, 2025, 2018, 2018, 2023]",4006.51
256,"[2018, 2018, 2018, 2025, 2019]",2476.93
257,"[2025, 2018, 2025, 2019, 2025]",2060.44
258,"[2023, 2024, 2018, 2024, 2025]",2589.99
259,"[2023, 2024, 2025, 2024, 2024]",3135.57
260,"[2025, 2026, 2018, 2018, 2023]",3923.17
261,"[2024, 2019, 2026, 2019, 2023]",4046.11
262,"[2024, 2024, 2024, 2026, 2026]",2510.77
263,"[2018, 2026, 2018, 2025, 2023]",3995.95
264,"[2026, 2025, 2018, 2025, 2024]",3031.44
265,"[2018, 2023, 2023, 2026, 2025]",2756.83
266,"[2026, 2026, 2024, 2023, 2019]",3606.86
267,"[2026, 2019, 2018, 2018, 2024]",3153.03
268,"[2019, 2024, 2024, 2024, 2024]",2823.66
269,"[2023, 2024, 2018, 2026, 2023]",4413.73
270,"[2025, 2024, 2024, 2019, 2026]",2258.71
271,"[2018, 2018, 2024, 2023, 2018]",2740.85
272,"[2019, 2025, 2019, 2024, 2025]",2151.4
273,"[2025, 2019, 2026, 2026, 2023]",3980.4
274,"[2026, 2019, 2024, 2025, 2023]",4252.54
275,"[2019, 2025, 2023, 2026, 2023]",3976.73
276,"[2025, 2018, 2025, 2025, 2025]",2035.13
277,"[2025, 2026, 2026, 2025, 2023]",4265.6
278,"[2026, 2024, 2025, 2025, 2025]",2538.26
279,"[2025, 2026, 2019, 2025, 2023]",3904.03
280,"[2019, 2025, 2019, 2024, 2026]",2216.69
281,"[2025, 2018, 2018, 2026, 2019]",2545.93
282,"[2023, 2026, 2025, 2024, 2026]",2906.13
283,"[2024, 2024, 2024, 2023, 2024]",3009.08
284,"[2023, 2019, 2026, 2023, 2025]",2883.18
285,"[2019, 2024, 2019, 2023, 2018]",2799.29
286,"[2026, 2019, 2019, 2026, 2024]",3317.49
287,"[2026, 2023, 2025, 2024, 2018]",3392.3
288,"[2023, 2025, 2023, 2018, 2025]",2657.51
289,"[2018, 2024, 2026, 2024, 2024]",3007.97
290,"[2023, 2023, 2025, 2026, 2019]",3362.61
291,"[2025, 2023, 2024, 2018, 2024]",2952.53
292,"[2023, 2024, 2018, 2025, 2018]",3025.51
293,"[2026, 2019, 2024, 2024, 2023]",4335.73
294,"[2026, 2018, 2025, 2026, 2023]",4320.87
295,"[2024, 2026, 2023, 2024, 2025]",2788.06
296,"[2024, 2018, 2025, 2018, 2018]",2611.05
297,"[2019, 2023, 2019, 2019, 2018]",2929.52
298,"[2026, 2023, 2018, 2024, 2019]",3363.89
299,"[2024, 2025, 2026, 2026, 2023]",4116.51
300,"[2025, 2025, 2019, 2026, 2023]",3540.13
301,"[2024, 2026, 2018, 2019, 2018]",3030.44
302,"[2024, 2024, 2024, 2025, 2023]",3791.04
303,"[2018, 2026, 2026, 2023, 2025]",2812.16
304,"[2019, 2023, 2024, 2026, 2024]",3207.75
305,"[2026, 2018, 2024, 2019, 2019]",3018.68
306,"[2025, 2018, 2023, 2018, 2019]",2647.07
307,"[2026, 2018, 2026, 2026, 2026]",2996.67
308,"[2025, 2019, 2019, 2023, 2025]",2219.18
309,"[2023, 2018, 2019, 2025, 2018]",2958.48
310,"[2023, 2026, 2018, 2018, 2018]",3389.54
311,"[2024, 2018, 2026, 2025, 2018]",2875.55
312,"[2024, 2026, 2024, 2025, 2023]",4215.3
313,"[2026, 2019, 2018, 2024, 2026]",2661.31
314,"[2019, 2026, 2018, 2023, 2019]",3016.85
315,"[2018, 2026, 2025, 2019, 2026]",2484.87
316,"[2026, 2026, 2025, 2025, 2018]",3365.7
317,"[2018, 2024, 2019, 2024, 2023]",3680.73
318,"[2018, 2023, 2024, 2026, 2025]",2579.99
319,"[2023, 2026, 2019, 2019, 2025]",2857.07
320,"[2026, 2024, 2026, 2019, 2024]",3531.61
321,"[2019, 2024, 2024, 2026, 2018]",2834.22
322,"[2026, 2018, 2024, 2024, 2025]",2614.12
323,"[2018, 2024, 2023, 2019, 2026]",2483.71
324,"[2018, 2024, 2019, 2019, 2026]",2290.98
325,"[2023, 2023, 2018, 2026, 2019]",3418.37
326,"[2023, 2024, 2018, 2025, 2026]",2614.83
327,"[2024, 2024, 2026, 2019, 2026]",2580.16
328,"[2026, 2019, 2023, 2019, 2023]",4594.25
329,"[2026, 2019, 2019, 2023, 2025]",2696.54
330,"[2026, 2025, 2024, 2019, 2018]",3025.7
331,"[2023, 2025, 2018, 2024, 2019]",2865.74
332,"[2024, 2025, 2025, 2025, 2025]",2117.78
333,"[2025, 2024, 2025, 2023, 2025]",2217.49
334,"[2018, 2019, 2023, 2025, 2018]",2781.63
335,"[2025, 2026, 2018, 2024, 2026]",2476.8
336,"[2018, 2019, 2025, 2025, 2023]",3466.65
337,"[2018, 2023, 2024, 2024, 2024]",3066.74
338,"[2019, 2024, 2019, 2019, 2025]",2242.52
339,"[2025, 2026, 2025, 2025, 2024]",2857.98
340,"[2026, 2018, 2025, 2024, 2025]",2522.58
341,"[2025, 2023, 2024, 2024, 2019]",2816.02
342,"[2019, 2026, 2018, 2019, 2025]",2473.6
343,"[2018, 2023, 2019, 2023, 2025]",2553.45
344,"[2025, 2025, 2023, 2023, 2018]",2783.21
345,"[2024, 2023, 2024, 2024, 2018]",3073.35
346,"[2025, 2025, 2025, 2024, 2024]",2501.2
347,"[2018, 2026, 2024, 2019, 2019]",2909.17
348,"[2018, 2025, 2024, 2025, 2018]",2529.08
349,"[2024, 2025, 2018, 2025, 2023]",3542.56
350,"[2025, 2023, 2023, 2025, 2018]",3023.41
351,"[2023, 2024, 2023, 2023, 2025]",2930.25
352,"[2023, 2025, 2019, 2018, 2018]",2921.51
353,"[2026, 2025, 2023, 2024, 2026]",2815.32
354,"[2024, 2019, 2018, 2023, 2024]",2894.49
355,"[2018, 2018, 2023, 2024, 2025]",2366.42
356,"[2023, 2024, 2018, 2019, 2023]",4216.73
357,"[2025, 2018, 2026, 2024, 2024]",2847.21
358,"[2025, 2026, 2019, 2025, 2026]",2436.74
359,"[2024, 2019, 2026, 2019, 2026]",2528.51
360,"[2018, 2018, 2025, 2025, 2019]",2436.18
361,"[2019, 2024, 2018, 2019, 2024]",2749.85
362,"[2025, 2025, 2023, 2026, 2024]",2869.89
363,"[2024, 2018, 2024, 2025, 2018]",2677.27
364,"[2023, 2025, 2019, 2025, 2018]",2892.35
365,"[2023, 2019, 2025, 2026, 2025]",2584.07
366,"[2018, 2018, 2018, 2019, 2026]",2221.74
367,"[2026, 2024, 2026, 2019, 2024]",3531.61
368,"[2024, 2023, 2024, 2018, 2026]",2630.99
369,"[2019, 2023, 2023, 2026, 2026]",2865.27
370,"[2025, 2025, 2018, 2024, 2019]",2401.07
371,"[2026, 2025, 2018, 2019, 2023]",4101.03
372,"[2025, 2026, 2019, 2026, 2026]",2576.82
373,"[2019, 2024, 2018, 2023, 2019]",2719.01
374,"[2023, 2018, 2018, 2025, 2019]",2873.52
375,"[2025, 2024, 2026, 2023, 2019]",2868.52
376,"[2018, 2025, 2025, 2026, 2025]",2163.01
377,"[2018, 2026, 2026, 2018, 2019]",3119.97
378,"[2019, 2025, 2023, 2024, 2025]",2332.91
379,"[2025, 2026, 2019, 2026, 2024]",3088.6
380,"[2018, 2025, 2024, 2025, 2026]",2184.93
381,"[2026, 2018, 2018, 2026, 2026]",2739.23
382,"[2025, 2023, 2019, 2019, 2018]",2823.6
383,"[2025, 2019, 2018, 2018, 2019]",2447.79
384,"[2026, 2019, 2024, 2019, 2018]",3115.68
385,"[2019, 2024, 2026, 2023, 2025]",2557.85
386,"[2024, 2024, 2023, 2019, 2023]",4094.06
387,"[2023, 2018, 2019, 2024, 2023]",4155.48
388,"[2018, 2025, 2024, 2025, 2018]",2529.08
389,"[2018, 2026, 2019, 2018, 2018]",2934.73
390,"[2024, 2025, 2019, 2025, 2019]",2516.5
391,"[2026, 2024, 2026, 2019, 2023]",4728.45
392,"[2023, 2023, 2019, 2025, 2026]",2877.34
393,"[2019, 2026, 2018, 2025, 2023]",4031.46
394,"[2024, 2024, 2018, 2025, 2025]",2263.48
395,"[2018, 2024, 2025, 2025, 2018]",2565.25
396,"[2024, 2018, 2023, 2018, 2019]",2818.13
397,"[2026, 2019, 2026, 2023, 2018]",3508.28
398,"[2023, 2019, 2025, 2019, 2025]",2475.77
399,"[2025, 2023, 2026, 2024, 2019]",3024.37
400,"[2026, 2023, 2023, 2026, 2026]",3360.58
401,"[2023, 2025, 2025, 2025, 2023]",3906.39
402,"[2025, 2019, 2018, 2025, 2025]",2083.09
403,"[2024, 2023, 2019, 2019, 2023]",4140.25
404,"[2019, 2026, 2018, 2025, 2024]",3014.89
405,"[2024, 2025, 2019, 2024, 2019]",2567.33
406,"[2026, 2023, 2023, 2018, 2026]",3212.79
407,"[2026, 2024, 2026, 2018, 2019]",3325.57
408,"[2018, 2026, 2019, 2023, 2026]",2660.3
409,"[2018, 2018, 2019, 2019, 2025]",2165.38
410,"[2025, 2026, 2025, 2024, 2024]",2915.85
411,"[2019, 2018, 2025, 2025, 2024]",2602.37
412,"[2025, 2019, 2024, 2026, 2026]",2310.89
413,"[2023, 2026, 2024, 2026, 2025]",3026.47
414,"[2023, 2026, 2023, 2024, 2019]",3635.82
415,"[2019, 2024, 2024, 2019, 2023]",3737.34
416,"[2019, 2026, 2025, 2018, 2026]",2501.58
417,"[2018, 2023, 2018, 2019, 2026]",2500.43
418,"[2025, 2023, 2026, 2023, 2026]",2783.56
419,"[2023, 2023, 2026, 2024, 2023]",5103.95
420,"[2024, 2023, 2026, 2023, 2023]",4728.5
421,"[2018, 2025, 2024, 2026, 2019]",2608.55
422,"[2025, 2026, 2023, 2026, 2024]",3348.65
423,"[2025, 2019, 2019, 2019, 2019]",2462.97
424,"[2026, 2025, 2023, 2024, 2019]",3179.5
425,"[2024, 2018, 2026, 2019, 2023]",4018.89
426,"[2019, 2026, 2023, 2019, 2019]",3136.95
427,"[2019, 2025, 2026, 2018, 2024]",2859.87
428,"[2024, 2026, 2025, 2024, 2024]",3104.07
429,"[2024, 2019, 2018, 2023, 2018]",2802.72
430,"[2025, 2023, 2026, 2018, 2023]",4238.62
431,"[2019, 2025, 2018, 2019, 2019]",2471.74
432,"[2026, 2024, 2025, 2019, 2025]",2570.11
433,"[2018, 2024, 2025, 2023, 2026]",2350.53
434,"[2026, 2023, 2018, 2019, 2025]",2867.82
435,"[2019, 2023, 2019, 2023, 2025]",2575.46
436,"[2024, 2025, 2023, 2026, 2019]",2884.26
437,"[2025, 2025, 2023, 2023, 2018]",2783.21
438,"[2026, 2024, 2026, 2018, 2018]",3410.72
439,"[2026, 2019, 2019, 2018, 2026]",2646.05
440,"[2025, 2026, 2026, 2023, 2024]",3375.18
441,"[2018, 2018, 2025, 2018, 2019]",2460.9
442,"[2023, 2023, 2023, 2019, 2018]",3649.88
443,"[2025, 2019, 2026, 2018, 2025]",2299.98
444,"[2024, 2025, 2023, 2018, 2023]",3889.96
445,"[2023, 2026, 2018, 2026, 2025]",2970.66
446,"[2025, 2019, 2018, 2024, 2019]",2472.09
447,"[2023, 2023, 2026, 2018, 2026]",3163.12
448,"[2018, 2018, 2026, 2019, 2023]",3882.26
449,"[2025, 2026, 2023, 2023, 2019]",3166.9
450,"[2026, 2023, 2023, 2018, 2025]",3118.13
451,"[2026, 2019, 2026, 2018, 2018]",3341.99
452,"[2026, 2026, 2023, 2026, 2024]",4079.17
453,"[2023, 2023, 2024, 2024, 2019]",3359.74
454,"[2019, 2025, 2024, 2018, 2023]",3550.84
455,"[2019, 2023, 2025, 2019, 2026]",2479.85
456,"[2019, 2024, 2019, 2026, 2025]",2340.67
457,"[2026, 2019, 2025, 2025, 2018]",2971.29
458,"[2024, 2018, 2024, 2024, 2024]",2820.84
459,"[2025, 2025, 2018, 2024, 2024]",2542.77
460,"[2025, 2024, 2019, 2024, 2026]",2244.49
461,"[2026, 2024, 2023, 2025, 2024]",3469.17
462,"[2019, 2026, 2018, 2025, 2018]",2917.95
463,"[2018, 2026, 2026, 2018, 2019]",3119.97
464,"[2018, 2018, 2019, 2023, 2018]",2702.03
465,"[2025, 2019, 2025, 2023, 2023]",3566.22
466,"[2023, 2025, 2026, 2018, 2019]",3104.41
467,"[2019, 2025, 2018, 2026, 2024]",2735.96
468,"[2025, 2019, 2026, 2018, 2023]",3793.18
469,"[2024, 2023, 2026, 2024, 2023]",4556.5
470,"[2026, 2025, 2023, 2024, 2019]",3179.5
471,"[2023, 2018, 2024, 2023, 2023]",4373.08
472,"[2024, 2025, 2024, 2019, 2019]",2583.71
473,"[2018, 2026, 2019, 2023, 2019]",3003.68
474,"[2019, 2026, 2025, 2025, 2023]",3967.16
475,"[2024, 2018, 2018, 2019, 2023]",3663.72
476,"[2019, 2018, 2025, 2019, 2024]",2633.62
477,"[2018, 2025, 2018, 2023, 2025]",2208.45
478,"[2025, 2024, 2019, 2023, 2026]",2332.93
479,"[2019, 2024, 2026, 2024, 2026]",2535.0
480,"[2018, 2026, 2024, 2024, 2023]",4151.56
481,"[2023, 2025, 2019, 2026, 2024]",3160.14
482,"[2024, 2019, 2024, 2018, 2023]",3750.04
483,"[2018, 2025, 2023, 2024, 2024]",2846.74
484,"[2019, 2026, 2026, 2019, 2025]",2704.64
485,"[2025, 2019, 2019, 2025, 2023]",3440.88
486,"[2023, 2023, 2019, 2024, 2023]",4674.31
487,"[2026, 2018, 2025, 2024, 2025]",2522.58
488,"[2025, 2024, 2019, 2019, 2019]",2513.33
489,"[2026, 2019, 2023, 2023, 2019]",3401.47
490,"[2019, 2018, 2026, 2025, 2018]",2802.46
491,"[2019, 2023, 2025, 2026, 2024]",3097.64
492,"[2023, 2025, 2025, 2025, 2019]",2762.88
493,"[2023, 2025, 2018, 2025, 2024]",2974.91
494,"[2018, 2024, 2018, 2025, 2023]",3594.37
495,"[2023, 2018, 2023, 2026, 2023]",4672.75
496,"[2019, 2019, 2024, 2026, 2025]",2326.88
497,"[2019, 2018, 2019, 2019, 2018]",2603.21
498,"[2025, 2024, 2018, 2026, 2024]",2770.15
499,"[2024, 2025, 2019, 2025, 2023]",3558.47
500,"[2018, 2019, 2025, 2024, 2018]",2564.54
501,"[2018, 2019, 2025, 2025, 2018]",2513.93
502,"[2023, 2025, 2018, 2024, 2026]",2539.69
503,"[2018, 2023, 2019, 2025, 2018]",2869.71
504,"[2019, 2023, 2026, 2024, 2025]",2695.55
505,"[2025, 2023, 2025, 2023, 2025]",2430.62
506,"[2026, 2024, 2026, 2018, 2023]",4718.23
507,"[2018, 2018, 2018, 2025, 2018]",2539.42
508,"[2026, 2023, 2019, 2024, 2018]",3463.92
509,"[2024, 2018, 2025, 2019, 2018]",2616.15
510,"[2018, 2023, 2023, 2018, 2018]",3140.68
511,"[2024, 2023, 2018, 2018, 2026]",2582.97
512,"[2023, 2025, 2024, 2024, 2018]",2992.94
513,"[2018, 2018, 2023, 2023, 2024]",3023.13
514,"[2019, 2024, 2023, 2019, 2025]",2431.56
515,"[2024, 2023, 2019, 2024, 2025]",2542.39
516,"[2023, 2025, 2018, 2024, 2019]",2865.74
517,"[2018, 2023, 2024, 2023, 2024]",3184.77
518,"[2024, 2026, 2026, 2024, 2018]",3345.55
519,"[2024, 2024, 2023, 2025, 2024]",3034.38
520,"[2025, 2018, 2024, 2025, 2026]",2172.55
521,"[2019, 2024, 2026, 2018, 2026]",2509.91
522,"[2024, 2019, 2024, 2023, 2019]",2785.33
523,"[2025, 2024, 2023, 2026, 2018]",2918.21
524,"[2024, 2026, 2018, 2026, 2019]",3088.84
525,"[2019, 2018, 2024, 2025, 2025]",2188.1
526,"[2019, 2023, 2026, 2025, 2025]",2640.79
527,"[2019, 2018, 2023, 2025, 2023]",3839.58
528,"[2025, 2026, 2025, 2019, 2025]",2343.37
529,"[2019, 2018, 2024, 2018, 2026]",2278.15
530,"[2019, 2024, 2024, 2019, 2026]",2343.86
531,"[2024, 2026, 2024, 2026, 2023]",4464.99
532,"[2018, 2019, 2026, 2024, 2018]",2853.24
533,"[2023, 2024, 2018, 2019, 2018]",3061.91
534,"[2018, 2024, 2025, 2026, 2018]",2713.15
535,"[2023, 2018, 2018, 2018, 2024]",3073.13
536,"[2025, 2023, 2018, 2025, 2023]",3828.3
537,"[2018, 2023, 2024, 2023, 2024]",3184.77
538,"[2025, 2026, 2023, 2019, 2023]",4279.0
539,"[2024, 2019, 2026, 2024, 2018]",2953.12
540,"[2018, 2026, 2018, 2024, 2018]",2951.36
541,"[2026, 2025, 2025, 2023, 2019]",2983.37
542,"[2018, 2018, 2025, 2018, 2023]",3475.9
543,"[2025, 2019, 2023, 2018, 2026]",2361.48
544,"[2025, 2023, 2019, 2018, 2019]",2748.85
545,"[2019, 2024, 2019, 2023, 2018]",2799.29
546,"[2025, 2025, 2018, 2018, 2026]",2106.31
547,"[2024, 2023, 2018, 2026, 2026]",2701.21
548,"[2023, 2023, 2024, 2025, 2026]",2918.68
549,"[2025, 2018, 2018, 2019, 2023]",3441.92
550,"[2025, 2023, 2019, 2026, 2023]",4071.74
551,"[2018, 2026, 2025, 2023, 2024]",3115.7
552,"[2026, 2024, 2026, 2024, 2024]",3560.07
553,"[2025, 2025, 2026, 2019, 2026]",2306.5
554,"[2024, 2024, 2018, 2023, 2023]",3935.55
555,"[2019, 2024, 2019, 2023, 2024]",2891.02
556,"[2026, 2025, 2026, 2025, 2025]",2685.39
557,"[2019, 2018, 2023, 2024, 2025]",2386.68
558,"[2025, 2025, 2024, 2019, 2019]",2426.71
559,"[2023, 2026, 2024, 2019, 2026]",2987.22
560,"[2019, 2023, 2019, 2025, 2024]",2989.95
561,"[2019, 2019, 2023, 2018, 2023]",3901.76
562,"[2019, 2019, 2025, 2023, 2025]",2255.05
563,"[2025, 2025, 2019, 2019, 2024]",2533.58
564,"[2019, 2023, 2023, 2019, 2023]",4369.07
565,"[2018, 2026, 2025, 2026, 2025]",2517.62
566,"[2019, 2025, 2024, 2026, 2018]",2697.96
567,"[2023, 2018, 2025, 2023, 2026]",2655.55
568,"[2024, 2018, 2019, 2024, 2025]",2258.75
569,"[2025, 2023, 2023, 2023, 2024]",3307.52
570,"[2025, 2018, 2018, 2018, 2023]",3434.56
571,"[2018, 2024, 2018, 2018, 2025]",2210.47
572,"[2025, 2025, 2019, 2025, 2018]",2423.42
573,"[2026, 2023, 2023, 2019, 2025]",3123.81
574,"[2018, 2026, 2024, 2019, 2018]",2983.15
575,"[2024, 2018, 2018, 2024, 2025]",2249.47
576,"[2026, 2018, 2026, 2025, 2026]",2832.84
577,"[2018, 2023, 2023, 2019, 2018]",3146.78
578,"[2023, 2025, 2024, 2025, 2026]",2535.08
579,"[2018, 2018, 2019, 2023, 2025]",2268.9
580,"[2026, 2026, 2026, 2025, 2025]",3131.01
581,"[2025, 2025, 2026, 2024, 2023]",3722.56
582,"[2025, 2019, 2018, 2023, 2025]",2209.96
583,"[2025, 2023, 2023, 2018, 2026]",2640.91
584,"[2024, 2023, 2023, 2023, 2023]",4687.23
585,"[2026, 2025, 2018, 2026, 2023]",4294.04
586,"[2025, 2018, 2026, 2025, 2023]",3732.41
587,"[2018, 2025, 2023, 2026, 2019]",2786.75
588,"[2026, 2024, 2024, 2026, 2025]",2781.01
589,"[2026, 2018, 2026, 2026, 2023]",4819.61
590,"[2019, 2026, 2023, 2023, 2026]",2910.86
591,"[2023, 2025, 2026, 2024, 2018]",3215.15
592,"[2026, 2019, 2024, 2025, 2024]",3180.52
593,"[2019, 2025, 2024, 2026, 2019]",2631.07
594,"[2019, 2026, 2026, 2024, 2018]",3260.5
595,"[2018, 2018, 2019, 2025, 2019]",2487.43
596,"[2018, 2025, 2025, 2024, 2026]",2152.32
597,"[2019, 2026, 2025, 2018, 2018]",2898.85
598,"[2019, 2025, 2019, 2019, 2026]",2198.98
599,"[2025, 2019, 2023, 2024, 2018]",2758.54
600,"[2019, 2025, 2025, 2023, 2023]",3594.35
601,"[2018, 2019, 2018, 2018, 2025]",2166.25
602,"[2024, 2025, 2018, 2026, 2024]",2807.32
603,"[2024, 2025, 2019, 2026, 2026]",2355.71
604,"[2024, 2025, 2018, 2025, 2019]",2505.85
605,"[2025, 2019, 2023, 2019, 2025]",2296.34
606,"[2019, 2019, 2024, 2025, 2026]",2268.91
607,"[2018, 2025, 2018, 2025, 2019]",2421.39
608,"[2019, 2019, 2023, 2024, 2025]",2402.02
609,"[2019, 2019, 2018, 2026, 2018]",2726.34
610,"[2025, 2026, 2018, 2018, 2019]",2770.58
611,"[2019, 2024, 2024, 2019, 2018]",2712.15
612,"[2018, 2023, 2019, 2024, 2018]",2927.29
613,"[2024, 2025, 2024, 2025, 2026]",2260.95
614,"[2026, 2019, 2019, 2023, 2026]",2778.56
615,"[2023, 2024, 2025, 2023, 2018]",3153.23
616,"[2025, 2018, 2025, 2024, 2026]",2140.13
617,"[2025, 2026, 2023, 2023, 2026]",2805.6
618,"[2018, 2023, 2024, 2024, 2026]",2567.3
619,"[2018, 2026, 2023, 2019, 2019]",3109.73
620,"[2023, 2023, 2019, 2026, 2019]",3432.98
621,"[2025, 2026, 2019, 2018, 2024]",2947.99
622,"[2024, 2019, 2019, 2018, 2024]",2771.5
623,"[2025, 2019, 2023, 2026, 2019]",2789.04
624,"[2026, 2023, 2025, 2024, 2025]",2842.26
625,"[2026, 2026, 2026, 2025, 2024]",3876.51
626,"[2018, 2025, 2026, 2025, 2018]",2716.58
627,"[2018, 2018, 2025, 2024, 2024]",2631.81
628,"[2019, 2025, 2025, 2018, 2023]",3429.68
629,"[2018, 2026, 2025, 2019, 2019]",2807.96
630,"[2025, 2026, 2025, 2026, 2019]",2853.63
631,"[2024, 2019, 2018, 2023, 2025]",2353.13
632,"[2025, 2025, 2018, 2018, 2023]",3359.3
633,"[2026, 2024, 2026, 2018, 2025]",2853.02
634,"[2025, 2025, 2024, 2018, 2019]",2422.02
635,"[2018, 2025, 2023, 2026, 2019]",2786.75
636,"[2023, 2025, 2019, 2025, 2018]",2892.35
637,"[2024, 2018, 2023, 2026, 2026]",2612.46
638,"[2024, 2018, 2026, 2019, 2025]",2437.72
639,"[2026, 2023, 2018, 2019, 2024]",3534.8
640,"[2025, 2026, 2025, 2024, 2018]",2822.05
641,"[2026, 2026, 2019, 2023, 2019]",3554.97
642,"[2026, 2025, 2026, 2026, 2026]",2929.04
643,"[2019, 2023, 2025, 2019, 2023]",3953.42
644,"[2025, 2018, 2019, 2023, 2023]",3615.37
645,"[2018, 2026, 2018, 2018, 2024]",3018.92
646,"[2023, 2023, 2024, 2018, 2019]",3326.84
647,"[2025, 2019, 2018, 2018, 2018]",2509.54
648,"[2018, 2026, 2024, 2023, 2025]",2619.3
649,"[2019, 2023, 2025, 2018, 2024]",2957.86
650,"[2023, 2026, 2018, 2026, 2018]",3549.99
651,"[2018, 2026, 2025, 2025, 2024]",2939.54
652,"[2025, 2018, 2024, 2019, 2019]",2482.33
653,"[2026, 2025, 2019, 2025, 2018]",2946.56
654,"[2026, 2026, 2018, 2019, 2018]",3464.64
655,"[2018, 2026, 2024, 2025, 2019]",2874.11
656,"[2025, 2024, 2024, 2025, 2018]",2582.78
657,"[2026, 2019, 2019, 2019, 2024]",3172.98
658,"[2019, 2023, 2025, 2019, 2026]",2479.85
659,"[2018, 2019, 2024, 2026, 2024]",2844.73
660,"[2025, 2026, 2018, 2024, 2026]",2476.8
661,"[2025, 2025, 2025, 2018, 2024]",2476.52
662,"[2024, 2019, 2019, 2026, 2026]",2425.54
663,"[2023, 2019, 2024, 2026, 2019]",3115.19
664,"[2026, 2019, 2026, 2018, 2024]",3453.55
665,"[2026, 2019, 2019, 2023, 2024]",3322.64
666,"[2019, 2024, 2018, 2019, 2024]",2749.85
667,"[2026, 2026, 2019, 2024, 2018]",3507.78
668,"[2025, 2025, 2019, 2026, 2024]",2648.36
669,"[2023, 2026, 2024, 2023, 2025]",3038.52
670,"[2025, 2024, 2026, 2023, 2023]",4057.41
671,"[2025, 2019, 2024, 2024, 2023]",3558.23
672,"[2023, 2019, 2019, 2023, 2024]",3258.1
673,"[2018, 2019, 2019, 2023, 2019]",2653.08
674,"[2019, 2018, 2018, 2019, 2026]",2240.64
675,"[2023, 2024, 2018, 2023, 2025]",2692.03
676,"[2019, 2025, 2019, 2024, 2026]",2216.69
677,"[2018, 2019, 2024, 2026, 2025]",2307.18
678,"[2023, 2024, 2023, 2018, 2026]",2876.1
679,"[2026, 2025, 2019, 2018, 2024]",3075.29
680,"[2019, 2025, 2023, 2024, 2026]",2403.47
681,"[2018, 2025, 2018, 2019, 2026]",2171.46
682,"[2023, 2023, 2026, 2023, 2026]",3321.1
683,"[2018, 2018, 2024, 2025, 2024]",2672.06
684,"[2026, 2018, 2024, 2019, 2025]",2593.06
685,"[2018, 2026, 2024, 2026, 2024]",3222.42
686,"[2026, 2026, 2024, 2023, 2026]",3191.81
687,"[2019, 2026, 2023, 2024, 2026]",2800.02
688,"[2026, 2024, 2018, 2024, 2025]",2635.65
689,"[2023, 2018, 2019, 2019, 2018]",2994.08
690,"[2023, 2023, 2023, 2019, 2025]",3064.73
691,"[2026, 2026, 2019, 2026, 2023]",5042.32
692,"[2023, 2023, 2018, 2026, 2019]",3418.37
693,"[2025, 2024, 2023, 2019, 2026]",2414.2
694,"[2024, 2025, 2026, 2025, 2024]",2905.14
695,"[2025, 2024, 2018, 2018, 2024]",2645.08
696,"[2018, 2026, 2024, 2018, 2024]",3075.94
697,"[2025, 2025, 2018, 2023, 2026]",2211.03
698,"[2024, 2026, 2025, 2026, 2023]",4312.1
699,"[2023, 2023, 2018, 2024, 2024]",3491.84
700,"[2018, 2023, 2023, 2024, 2018]",3171.7
701,"[2024, 2023, 2018, 2026, 2025]",2621.36
702,"[2024, 2023, 2019, 2018, 2019]",2926.41
703,"[2018, 2026, 2024, 2026, 2025]",2608.89
704,"[2018, 2023, 2018, 2025, 2019]",2787.3
705,"[2026, 2019, 2023, 2023, 2025]",2925.31
706,"[2018, 2025, 2023, 2019, 2019]",2667.42
707,"[2024, 2024, 2018, 2023, 2026]",2473.57
708,"[2025, 2023, 2024, 2023, 2018]",2998.6
709,"[2025, 2024, 2026, 2025, 2019]",2705.32
710,"[2026, 2026, 2019, 2024, 2019]",3420.2
711,"[2026, 2023, 2018, 2026, 2018]",3576.37
712,"[2024, 2018, 2019, 2018, 2018]",2665.91
713,"[2019, 2026, 2024, 2019, 2018]",3009.18
714,"[2019, 2023, 2018, 2024, 2019]",2868.07
715,"[2025, 2024, 2018, 2018, 2026]",2213.28
716,"[2023, 2024, 2024, 2025, 2018]",3082.06
717,"[2025, 2023, 2026, 2024, 2026]",2677.32
718,"[2018, 2024, 2019, 2025, 2026]",2263.06
719,"[2024, 2026, 2024, 2023, 2025]",2710.83
720,"[2018, 2025, 2023, 2025, 2024]",2790.94
721,"[2024, 2026, 2024, 2019, 2018]",3087.68
722,"[2018, 2025, 2023, 2019, 2019]",2667.42
723,"[2019, 2019, 2023, 2019, 2023]",3910.11
724,"[2018, 2025, 2018, 2024, 2026]",2188.91
725,"[2019, 2023, 2018, 2025, 2026]",2491.27
726,"[2018, 2023, 2023, 2023, 2024]",3401.29
727,"[2018, 2018, 2019, 2018, 2025]",2161.46
728,"[2023, 2019, 2019, 2026, 2026]",2719.27
729,"[2024, 2023, 2024, 2025, 2019]",2938.69
730,"[2018, 2025, 2026, 2025, 2023]",3754.09
731,"[2026, 2018, 2018, 2025, 2026]",2590.83
732,"[2023, 2023, 2025, 2024, 2018]",3325.85
733,"[2018, 2019, 2023, 2024, 2019]",2767.81
734,"[2018, 2018, 2023, 2018, 2023]",3841.47
735,"[2018, 2024, 2025, 2026, 2026]",2342.15
736,"[2019, 2023, 2024, 2026, 2018]",3105.11
737,"[2025, 2019, 2018, 2024, 2024]",2617.84
738,"[2019, 2018, 2019, 2024, 2025]",2201.34
739,"[2018, 2024, 2024, 2026, 2023]",3877.81
740,"[2026, 2024, 2023, 2026, 2023]",4908.57
741,"[2024, 2025, 2024, 2024, 2023]",3679.86
742,"[2018, 2025, 2023, 2025, 2023]",3722.89
743,"[2026, 2025, 2023, 2023, 2026]",2926.8
744,"[2023, 2023, 2024, 2019, 2026]",2954.59
745,"[2018, 2018, 2026, 2025, 2018]",2778.34
746,"[2023, 2025, 2018, 2024, 2026]",2539.69
747,"[2026, 2026, 2024, 2025, 2019]",3400.54
748,"[2024, 2026, 2019, 2023, 2019]",3108.94
749,"[2024, 2025, 2025, 2018, 2025]",2140.25
750,"[2019, 2025, 2023, 2024, 2018]",2780.2
751,"[2024, 2019, 2018, 2018, 2019]",2606.14
752,"[2018, 2019, 2018, 2019, 2018]",2586.67
753,"[2023, 2026, 2026, 2023, 2019]",3799.22
754,"[2018, 2025, 2019, 2018, 2024]",2601.2
755,"[2025, 2023, 2026, 2024, 2019]",3024.37
756,"[2024, 2026, 2026, 2026, 2023]",4810.4
757,"[2024, 2023, 2024, 2024, 2023]",4232.35
758,"[2019, 2024, 2018, 2019, 2023]",3667.99
759,"[2025, 2023, 2018, 2026, 2026]",2537.16
760,"[2019, 2019, 2018, 2026, 2019]",2658.85
761,"[2025, 2018, 2018, 2019, 2023]",3441.92
762,"[2024, 2019, 2025, 2019, 2018]",2633.12
763,"[2025, 2025, 2018, 2024, 2019]",2401.07
764,"[2026, 2018, 2018, 2024, 2026]",2644.29
765,"[2025, 2025, 2024, 2025, 2026]",2123.32
766,"[2026, 2019, 2024, 2025, 2026]",2656.44
767,"[2025, 2025, 2026, 2025, 2023]",3651.0
768,"[2026, 2025, 2026, 2026, 2025]",2840.66
769,"[2019, 2025, 2018, 2025, 2025]",2099.34
770,"[2019, 2023, 2026, 2018, 2026]",2750.43
771,"[2019, 2018, 2019, 2019, 2019]",2539.17
772,"[2024, 2019, 2025, 2018, 2018]",2627.98
773,"[2019, 2026, 2026, 2023, 2024]",3501.38
774,"[2024, 2026, 2023, 2025, 2018]",3260.91
775,"[2023, 2019, 2024, 2018, 2023]",4201.47
776,"[2026, 2024, 2024, 2019, 2019]",3100.96
777,"[2024, 2023, 2023, 2023, 2026]",2950.47
778,"[2024, 2025, 2019, 2024, 2018]",2632.17
779,"[2018, 2025, 2019, 2019, 2019]",2461.12
780,"[2026, 2019, 2026, 2026, 2025]",2925.36
781,"[2018, 2026, 2026, 2025, 2026]",2729.9
782,"[2019, 2019, 2023, 2023, 2019]",2899.91
783,"[2019, 2018, 2018, 2025, 2023]",3529.84
784,"[2018, 2019, 2024, 2026, 2026]",2377.6
785,"[2019, 2019, 2023, 2023, 2024]",3069.72
786,"[2019, 2023, 2023, 2023, 2023]",4568.04
787,"[2023, 2023, 2018, 2019, 2023]",4617.43
788,"[2019, 2024, 2019, 2019, 2023]",3684.48
789,"[2023, 2024, 2026, 2024, 2025]",2829.32
790,"[2025, 2024, 2019, 2019, 2023]",3551.79
791,"[2026, 2023, 2024, 2026, 2019]",3553.1
792,"[2026, 2025, 2023, 2025, 2024]",3301.43
793,"[2023, 2018, 2026, 2026, 2023]",4713.92
794,"[2026, 2018, 2018, 2018, 2025]",2540.67
795,"[2023, 2019, 2023, 2024, 2023]",4529.79
796,"[2026, 2023, 2026, 2023, 2026]",3387.42
797,"[2026, 2019, 2026, 2018, 2025]",2795.45
798,"[2026, 2024, 2024, 2019, 2026]",2744.93
799,"[2018, 2025, 2019, 2023, 2024]",2728.43
800,"[2026, 2024, 2023, 2024, 2025]",2871.55
801,"[2025, 2023, 2024, 2019, 2024]",2958.35
802,"[2019, 2026, 2023, 2026, 2018]",3362.01
803,"[2018, 2026, 2023, 2026, 2026]",2875.41
804,"[2018, 2025, 2018, 2026, 2025]",2199.75
805,"[2023, 2025, 2026, 2024, 2025]",2693.14
806,"[2024, 2026, 2023, 2024, 2019]",3244.57
807,"[2025, 2025, 2018, 2018, 2025]",2044.29
808,"[2023, 2023, 2019, 2023, 2026]",3051.23
809,"[2018, 2025, 2024, 2023, 2018]",2679.86
810,"[2025, 2019, 2019, 2019, 2023]",3480.66
811,"[2026, 2019, 2023, 2018, 2019]",3241.56
812,"[2025, 2025, 2023, 2025, 2026]",2269.75
813,"[2019, 2026, 2019, 2025, 2018]",2930.5
814,"[2025, 2023, 2023, 2018, 2025]",2563.57
815,"[2024, 2026, 2026, 2023, 2019]",3390.59
816,"[2026, 2024, 2025, 2019, 2019]",2993.12
817,"[2018, 2023, 2025, 2026, 2024]",3070.79
818,"[2019, 2024, 2019, 2026, 2025]",2340.67
819,"[2019, 2024, 2019, 2024, 2024]",2783.61
820,"[2019, 2024, 2018, 2024, 2026]",2319.48
821,"[2023, 2025, 2024, 2025, 2023]",4044.27
822,"[2023, 2024, 2018, 2018, 2023]",4207.73
823,"[2023, 2026, 2019, 2024, 2019]",3352.98
824,"[2024, 2018, 2025, 2024, 2019]",2572.07
825,"[2026, 2019, 2019, 2024, 2025]",2593.18
826,"[2018, 2023, 2025, 2025, 2024]",2903.29
827,"[2023, 2019, 2023, 2019, 2024]",3372.45
828,"[2018, 2025, 2023, 2026, 2023]",3941.73
829,"[2018, 2023, 2024, 2025, 2023]",4010.46
830,"[2025, 2025, 2024, 2024, 2018]",2507.91
831,"[2024, 2025, 2019, 2026, 2018]",2729.03
832,"[2023, 2026, 2026, 2025, 2024]",3796.74
833,"[2025, 2024, 2025, 2023, 2026]",2284.54
834,"[2024, 2026, 2024, 2018, 2018]",3081.61
835,"[2023, 2026, 2024, 2026, 2019]",3526.85
836,"[2023, 2018, 2019, 2018, 2025]",2507.88
837,"[2024, 2023, 2023, 2023, 2018]",3409.5
838,"[2026, 2025, 2019, 2023, 2023]",4308.97
839,"[2018, 2019, 2023, 2025, 2019]",2713.26
840,"[2019, 2024, 2026, 2019, 2025]",2439.87
841,"[2018, 2024, 2019, 2023, 2026]",2400.24
842,"[2026, 2025, 2024, 2019, 2025]",2533.76
843,"[2024, 2019, 2023, 2018, 2019]",2836.57
844,"[2018, 2018, 2018, 2019, 2025]",2156.51
845,"[2018, 2018, 2025, 2023, 2018]",2646.63
846,"[2025, 2024, 2026, 2018, 2019]",2733.04
847,"[2023, 2018, 2024, 2025, 2024]",3099.67
848,"[2023, 2026, 2024, 2019, 2025]",2898.62
849,"[2023, 2025, 2024, 2018, 2019]",2890.69
850,"[2018, 2025, 2023, 2023, 2025]",2404.28
851,"[2018, 2023, 2018, 2019, 2019]",2820.93
852,"[2025, 2026, 2024, 2026, 2024]",3133.38
853,"[2023, 2023, 2019, 2018, 2019]",3279.78
854,"[2025, 2024, 2019, 2024, 2023]",3579.57
855,"[2026, 2024, 2026, 2019, 2018]",3417.48
856,"[2024, 2025, 2019, 2018, 2023]",3591.91
857,"[2023, 2026, 2018, 2024, 2024]",3536.69
858,"[2018, 2026, 2018, 2026, 2025]",2560.74
859,"[2024, 2025, 2023, 2025, 2024]",2888.6
860,"[2023, 2024, 2026, 2024, 2024]",3489.0
861,"[2024, 2018, 2025, 2023, 2024]",2828.93
862,"[2025, 2018, 2023, 2023, 2018]",2846.33
863,"[2026, 2023, 2026, 2019, 2024]",3870.9
864,"[2024, 2026, 2023, 2025, 2024]",3368.96
865,"[2023, 2019, 2024, 2024, 2025]",2585.39
866,"[2023, 2025, 2019, 2024, 2018]",2950.5
867,"[2024, 2023, 2026, 2024, 2023]",4556.5
868,"[2026, 2024, 2026, 2024, 2024]",3560.07
869,"[2026, 2018, 2018, 2023, 2019]",3103.24
870,"[2025, 2025, 2018, 2025, 2023]",3328.03
871,"[2025, 2023, 2024, 2026, 2018]",2992.96
872,"[2024, 2025, 2018, 2024, 2019]",2556.43
873,"[2018, 2026, 2018, 2023, 2025]",2570.95
874,"[2024, 2025, 2025, 2019, 2025]",2144.15
875,"[2024, 2023, 2025, 2023, 2024]",3183.34
876,"[2025, 2018, 2023, 2024, 2025]",2300.01
877,"[2026, 2018, 2019, 2018, 2026]",2629.14
878,"[2018, 2024, 2025, 2024, 2018]",2616.89
879,"[2026, 2023, 2026, 2023, 2018]",3924.26
880,"[2019, 2023, 2019, 2018, 2025]",2453.55
881,"[2025, 2026, 2026, 2024, 2019]",3064.25
882,"[2019, 2023, 2023, 2018, 2024]",3271.92
883,"[2024, 2026, 2023, 2023, 2023]",4763.04
884,"[2023, 2025, 2023, 2025, 2024]",3237.47
885,"[2026, 2023, 2026, 2018, 2018]",3738.69
886,"[2025, 2018, 2025, 2023, 2025]",2159.27
887,"[2023, 2023, 2019, 2026, 2026]",3040.39
888,"[2025, 2024, 2018, 2018, 2023]",3528.32
889,"[2024, 2023, 2025, 2023, 2024]",3183.34
890,"[2026, 2026, 2018, 2024, 2018]",3492.61
891,"[2025, 2018, 2023, 2024, 2023]",3773.28
892,"[2019, 2025, 2019, 2023, 2019]",2599.31
893,"[2025, 2023, 2019, 2026, 2018]",2950.56
894,"[2018, 2026, 2024, 2018, 2023]",4110.33
895,"[2018, 2026, 2019, 2025, 2024]",3001.73
896,"[2019, 2023, 2019, 2025, 2024]",2989.95
897,"[2024, 2026, 2018, 2019, 2019]",2955.27
898,"[2019, 2025, 2025, 2024, 2023]",3463.96
899,"[2018, 2026, 2025, 2019, 2024]",2975.14
900,"[2024, 2024, 2019, 2019, 2026]",2370.79
901,"[2024, 2025, 2018, 2018, 2019]",2531.3
902,"[2023, 2019, 2025, 2024, 2025]",2495.71
903,"[2019, 2023, 2026, 2019, 2019]",3112.69
904,"[2024, 2026, 2023, 2024, 2023]",4589.96
905,"[2019, 2023, 2024, 2025, 2019]",2863.99
906,"[2023, 2024, 2023, 2025, 2023]",4534.23
907,"[2018, 2026, 2024, 2025, 2019]",2874.11
908,"[2019, 2018, 2019, 2018, 2026]",2245.79
909,"[2019, 2025, 2019, 2023, 2023]",3668.5
910,"[2025, 2018, 2025, 2019, 2018]",2457.21
911,"[2019, 2018, 2025, 2024, 2026]",2220.92
912,"[2025, 2023, 2026, 2026, 2023]",4447.55
913,"[2019, 2018, 2026, 2019, 2023]",3916.71
914,"[2023, 2018, 2018, 2019, 2025]",2502.14
915,"[2019, 2024, 2024, 2025, 2019]",2613.75
916,"[2024, 2025, 2019, 2026, 2026]",2355.71
917,"[2026, 2026, 2025, 2018, 2025]",2843.3
918,"[2024, 2023, 2026, 2019, 2026]",2827.41
919,"[2024, 2023, 2024, 2025, 2019]",2938.69
920,"[2023, 2019, 2019, 2025, 2023]",4103.63
921,"[2025, 2025, 2023, 2024, 2019]",2613.71
922,"[2025, 2026, 2026, 2026, 2019]",3178.22
923,"[2018, 2024, 2023, 2026, 2018]",3001.4
924,"[2024, 2026, 2018, 2024, 2018]",3054.75
925,"[2025, 2026, 2025, 2019, 2018]",2799.53
926,"[2019, 2018, 2025, 2019, 2025]",2138.3
927,"[2024, 2026, 2023, 2023, 2019]",3371.15
928,"[2019, 2023, 2026, 2026, 2025]",2791.73
929,"[2023, 2024, 2024, 2023, 2025]",2742.13
930,"[2019, 2026, 2019, 2024, 2024]",3089.11
931,"[2025, 2026, 2025, 2023, 2025]",2457.0
932,"[2018, 2018, 2019, 2023, 2025]",2268.9
933,"[2023, 2026, 2025, 2025, 2025]",2762.41
934,"[2024, 2019, 2025, 2019, 2023]",3629.93
935,"[2024, 2024, 2024, 2024, 2024]",2897.31
936,"[2018, 2026, 2023, 2018, 2024]",3287.45
937,"[2024, 2019, 2023, 2026, 2023]",4199.51
938,"[2024, 2018, 2018, 2024, 2024]",2768.95
939,"[2024, 2026, 2018, 2026, 2025]",2650.18
940,"[2024, 2025, 2018, 2024, 2019]",2556.43
941,"[2026, 2026, 2023, 2024, 2025]",3185.73
942,"[2025, 2025, 2019, 2019, 2023]",3381.66
943,"[2023, 2023, 2024, 2018, 2026]",2949.18
944,"[2026, 2019, 2025, 2026, 2023]",4350.14
945,"[2024, 2026, 2026, 2023, 2019]",3390.59
946,"[2023, 2024, 2024, 2025, 2023]",4247.35
947,"[2026, 2024, 2018, 2026, 2026]",2813.72
948,"[2025, 2019, 2026, 2023, 2019]",2811.05
949,"[2024, 2026, 2023, 2024, 2026]",2873.05
950,"[2019, 2019, 2019, 2026, 2024]",2828.78
951,"[2019, 2025, 2024, 2026, 2023]",3725.09
952,"[2018, 2024, 2024, 2023, 2019]",2746.17
953,"[2025, 2019, 2023, 2026, 2019]",2789.04
954,"[2018, 2025, 2025, 2025, 2018]",2441.8
955,"[2019, 2018, 2023, 2024, 2024]",2936.6
956,"[2026, 2018, 2019, 2019, 2023]",4212.29
957,"[2025, 2024, 2024, 2018, 2025]",2188.19
958,"[2024, 2025, 2025, 2023, 2019]",2612.2
959,"[2024, 2023, 2025, 2025, 2023]",4010.25
960,"[2018, 2019, 2018, 2019, 2026]",2235.88
961,"[2024, 2024, 2019, 2025, 2025]",2272.78
962,"[2018, 2018, 2025, 2025, 2024]",2580.11
963,"[2024, 2023, 2023, 2019, 2025]",2734.24
964,"[2025, 2025, 2026, 2018, 2025]",2233.73
965,"[2023, 2024, 2023, 2023, 2018]",3487.93
966,"[2023, 2019, 2023, 2026, 2025]",2860.43
967,"[2023, 2018, 2024, 2026, 2019]",3095.01
968,"[2026, 2024, 2026, 2018, 2023]",4718.23
969,"[2019, 2023, 2024, 2023, 2024]",3212.68
970,"[2018, 2024, 2019, 2026, 2018]",2769.99
971,"[2019, 2019, 2019, 2023, 2018]",2743.25
972,"[2025, 2025, 2024, 2023, 2026]",2252.38
973,"[2024, 2024, 2018, 2025, 2018]",2699.2
974,"[2023, 2024, 2023, 2026, 2019]",3395.49
975,"[2026, 2026, 2019, 2025, 2018]",3437.59
976,"[2025, 2026, 2025, 2025, 2023]",3824.45
977,"[2023, 2025, 2025, 2019, 2019]",2796.35
978,"[2023, 2024, 2026, 2026, 2024]",3618.85
979,"[2024, 2019, 2019, 2019, 2025]",2254.93
980,"[2023, 2024, 2025, 2026, 2026]",2717.3
981,"[2018, 2024, 2023, 2019, 2026]",2483.71
982,"[2025, 2026, 2025, 2025, 2019]",2696.87
983,"[2024, 2025, 2024, 2019, 2023]",3651.29
984,"[2018, 2024, 2024, 2025, 2023]",3662.27
985,"[2023, 2026, 2018, 2024, 2024]",3536.69
986,"[2026, 2026, 2023, 2018, 2019]",3674.17
987,"[2024, 2023, 2018, 2023, 2026]",2710.84
988,"[2025, 2018, 2023, 2024, 2019]",2673.26
989,"[2025, 2026, 2025, 2019, 2019]",2729.88
990,"[2023, 2023, 2025, 2023, 2025]",2900.92
991,"[2018, 2023, 2026, 2026, 2019]",3224.9
992,"[2025, 2024, 2026, 2018, 2026]",2418.88
993,"[2023, 2023, 2026, 2025, 2023]",5006.17
994,"[2025, 2025, 2023, 2026, 2025]",2327.68
995,"[2024, 2019, 2024, 2023, 2026]",2469.3
996,"[2019, 2023, 2019, 2019, 2018]",2929.52
997,"[2025, 2025, 2018, 2019, 2024]",2522.71
998,"[2018, 2019, 2026, 2025, 2019]",2727.06
999,"[2026, 2019, 2019, 2025, 2026]",2618.34
1000,"[2025, 2025, 2026, 2023, 2024]",2892.49
1001,"[2023, 2024, 2023, 2026, 2018]",3481.39
1002,"[2026, 2024, 2026, 2026, 2018]",3573.57
1003,"[2024, 2023, 2026, 2019, 2025]",2743.57
1004,"[2024, 2024, 2023, 2025, 2025]",2464.47
1005,"[2023, 2025, 2026, 2025, 2023]",4353.78
1006,"[2019, 2026, 2025, 2024, 2023]",4044.92
1007,"[2019, 2023, 2024, 2025, 2019]",2863.99
1008,"[2018, 2024, 2018, 2018, 2018]",2634.34
1009,"[2024, 2025, 2023, 2018, 2026]",2442.03
1010,"[2023, 2019, 2019, 2023, 2023]",4340.42
1011,"[2024, 2023, 2019, 2019, 2024]",3104.69
1012,"[2018, 2024, 2026, 2023, 2018]",3025.03
1013,"[2026, 2026, 2019, 2023, 2024]",3766.71
1014,"[2024, 2018, 2018, 2019, 2018]",2659.75
1015,"[2018, 2023, 2026, 2026, 2018]",3307.28
1016,"[2025, 2024, 2026, 2023, 2019]",2868.52
1017,"[2019, 2023, 2025, 2019, 2024]",2963.7
1018,"[2023, 2026, 2018, 2019, 2025]",2845.24
1019,"[2026, 2026, 2026, 2026, 2019]",3870.54
1020,"[2019, 2025, 2025, 2023, 2024]",2695.62
1021,"[2026, 2023, 2026, 2026, 2026]",3375.19
1022,"[2019, 2023, 2026, 2024, 2026]",2777.86
1023,"[2024, 2024, 2025, 2019, 2019]",2620.67
1024,"[2018, 2025, 2024, 2024, 2018]",2579.97
1025,"[2026, 2023, 2026, 2023, 2025]",3286.88
1026,"[2023, 2025, 2024, 2026, 2023]",4282.3
1027,"[2025, 2023, 2025, 2018, 2023]",3803.04
1028,"[2025, 2023, 2024, 2024, 2019]",2816.02
1029,"[2019, 2018, 2018, 2023, 2019]",2647.33
1030,"[2018, 2025, 2026, 2024, 2024]",2863.62
1031,"[2026, 2019, 2026, 2024, 2026]",2910.69
1032,"[2018, 2023, 2026, 2026, 2026]",2852.84
1033,"[2023, 2026, 2019, 2025, 2026]",2908.21
1034,"[2019, 2018, 2018, 2026, 2019]",2641.64
1035,"[2024, 2026, 2024, 2025, 2018]",3050.59
1036,"[2018, 2024, 2025, 2023, 2023]",3741.86
1037,"[2026, 2025, 2023, 2019, 2018]",3234.25
1038,"[2024, 2023, 2023, 2019, 2024]",3363.87
1039,"[2026, 2026, 2023, 2024, 2025]",3185.73
1040,"[2019, 2024, 2026, 2026, 2023]",4213.17
1041,"[2023, 2019, 2018, 2025, 2023]",4085.32
1042,"[2023, 2025, 2019, 2024, 2023]",4064.65
1043,"[2019, 2018, 2025, 2026, 2024]",2752.77
1044,"[2019, 2019, 2018, 2019, 2018]",2608.99
1045,"[2026, 2025, 2023, 2019, 2023]",4463.26
1046,"[2024, 2024, 2026, 2026, 2019]",3047.09
1047,"[2018, 2023, 2019, 2025, 2025]",2407.28
1048,"[2026, 2019, 2026, 2026, 2024]",3619.2
1049,"[2026, 2018, 2018, 2026, 2026]",2739.23
1050,"[2026, 2018, 2018, 2026, 2026]",2739.23
1051,"[2025, 2018, 2019, 2026, 2024]",2708.64
1052,"[2019, 2018, 2026, 2023, 2019]",2897.43
1053,"[2025, 2019, 2018, 2023, 2023]",3623.39
1054,"[2025, 2019, 2018, 2026, 2025]",2201.26
1055,"[2026, 2018, 2023, 2018, 2026]",2852.21
1056,"[2025, 2025, 2019, 2018, 2018]",2447.91
1057,"[2024, 2024, 2024, 2025, 2026]",2375.64
1058,"[2024, 2023, 2024, 2026, 2025]",2670.12
1059,"[2024, 2023, 2018, 2026, 2026]",2701.21
1060,"[2026, 2026, 2024, 2026, 2018]",3691.71
1061,"[2025, 2025, 2025, 2019, 2025]",2013.52
1062,"[2023, 2025, 2018, 2023, 2024]",3151.36
1063,"[2026, 2024, 2023, 2026, 2018]",3552.25
1064,"[2019, 2025, 2018, 2024, 2026]",2207.5
1065,"[2019, 2019, 2025, 2019, 2018]",2566.19
1066,"[2018, 2023, 2018, 2025, 2023]",3936.2
1067,"[2026, 2026, 2025, 2024, 2026]",2960.72
1068,"[2024, 2019, 2023, 2018, 2018]",2907.93
1069,"[2025, 2026, 2024, 2019, 2024]",2996.73
1070,"[2023, 2024, 2019, 2018, 2019]",2993.61
1071,"[2018, 2019, 2025, 2025, 2024]",2596.88
1072,"[2024, 2025, 2025, 2026, 2023]",3692.03
1073,"[2019, 2025, 2024, 2025, 2025]",2138.43
1074,"[2019, 2024, 2019, 2023, 2025]",2349.92
1075,"[2019, 2026, 2024, 2024, 2024]",3133.9
1076,"[2018, 2023, 2025, 2026, 2025]",2490.74
1077,"[2023, 2025, 2026, 2019, 2018]",3189.57
1078,"[2025, 2024, 2025, 2026, 2023]",3642.96
1079,"[2023, 2025, 2024, 2025, 2024]",3030.63
1080,"[2026, 2023, 2019, 2024, 2026]",2991.52
1081,"[2018, 2023, 2026, 2024, 2025]",2672.43
1082,"[2025, 2018, 2019, 2026, 2023]",3619.2
1083,"[2018, 2019, 2023, 2023, 2018]",2946.88
1084,"[2025, 2026, 2018, 2018, 2019]",2770.58
1085,"[2025, 2019, 2025, 2018, 2023]",3402.86
1086,"[2023, 2023, 2026, 2018, 2019]",3572.15
1087,"[2025, 2019, 2018, 2024, 2019]",2472.09
1088,"[2023, 2019, 2018, 2024, 2023]",4164.68
1089,"[2018, 2025, 2019, 2024, 2025]",2133.33
1090,"[2026, 2019, 2025, 2023, 2018]",3150.0
1091,"[2018, 2019, 2026, 2025, 2019]",2727.06
1092,"[2026, 2023, 2026, 2023, 2019]",3826.94
1093,"[2026, 2024, 2024, 2025, 2019]",3063.6
1094,"[2025, 2026, 2023, 2024, 2025]",2618.8
1095,"[2023, 2018, 2026, 2018, 2024]",3363.27
1096,"[2024, 2024, 2024, 2026, 2024]",3004.45
1097,"[2019, 2026, 2018, 2024, 2023]",4110.35
1098,"[2024, 2026, 2018, 2019, 2018]",3030.44
1099,"[2018, 2023, 2024, 2019, 2019]",2873.59
1100,"[2024, 2024, 2023, 2019, 2024]",3070.7
1101,"[2024, 2026, 2019, 2023, 2025]",2671.94
1102,"[2026, 2023, 2026, 2019, 2026]",3231.01
1103,"[2023, 2026, 2026, 2019, 2024]",3842.94
1104,"[2024, 2023, 2025, 2026, 2018]",3076.61
1105,"[2024, 2018, 2025, 2024, 2019]",2572.07
1106,"[2018, 2024, 2018, 2024, 2019]",2595.09
1107,"[2026, 2019, 2023, 2018, 2024]",3433.42
1108,"[2024, 2019, 2026, 2024, 2025]",2473.35
1109,"[2025, 2018, 2018, 2019, 2023]",3441.92
1110,"[2019, 2026, 2018, 2018, 2018]",2947.61
1111,"[2025, 2025, 2018, 2026, 2018]",2552.29
1112,"[2023, 2025, 2023, 2019, 2019]",3094.3
1113,"[2026, 2019, 2018, 2019, 2026]",2639.91
1114,"[2024, 2025, 2023, 2024, 2026]",2466.15
1115,"[2023, 2018, 2019, 2018, 2025]",2507.88
1116,"[2019, 2026, 2026, 2019, 2019]",3153.47
1117,"[2019, 2025, 2026, 2018, 2024]",2859.87
1118,"[2018, 2023, 2026, 2019, 2019]",3085.7
1119,"[2019, 2023, 2026, 2024, 2025]",2695.55
1120,"[2019, 2023, 2019, 2023, 2024]",3167.22
1121,"[2026, 2019, 2025, 2018, 2025]",2513.58
1122,"[2019, 2024, 2019, 2025, 2024]",2728.92
1123,"[2018, 2023, 2023, 2023, 2025]",2767.67
1124,"[2024, 2023, 2026, 2019, 2024]",3383.5
1125,"[2026, 2023, 2026, 2019, 2023]",5179.8
1126,"[2018, 2025, 2023, 2025, 2025]",2266.65
1127,"[2025, 2024, 2025, 2025, 2024]",2575.99
1128,"[2025, 2025, 2019, 2023, 2023]",3536.38
1129,"[2023, 2025, 2025, 2019, 2018]",2866.98
1130,"[2025, 2018, 2023, 2023, 2024]",2939.36
1131,"[2018, 2023, 2023, 2023, 2023]",4527.56
1132,"[2023, 2024, 2026, 2025, 2019]",3227.95
1133,"[2026, 2019, 2018, 2024, 2024]",3184.55
1134,"[2026, 2018, 2025, 2026, 2023]",4320.87
1135,"[2019, 2025, 2023, 2026, 2026]",2489.01
1136,"[2019, 2025, 2026, 2019, 2026]",2393.4
1137,"[2018, 2025, 2025, 2026, 2026]",2229.22
1138,"[2025, 2023, 2019, 2024, 2026]",2460.15
1139,"[2026, 2025, 2024, 2024, 2018]",3049.99
1140,"[2025, 2018, 2018, 2025, 2023]",3402.64
1141,"[2025, 2019, 2018, 2023, 2023]",3623.39
1142,"[2026, 2026, 2025, 2024, 2026]",2960.72
1143,"[2019, 2018, 2026, 2018, 2023]",3908.28
1144,"[2019, 2018, 2023, 2018, 2026]",2434.71
1145,"[2023, 2025, 2024, 2026, 2023]",4282.3
1146,"[2025, 2019, 2018, 2024, 2019]",2472.09
1147,"[2025, 2025, 2026, 2025, 2025]",2210.07
1148,"[2023, 2025, 2025, 2024, 2025]",2423.77
1149,"[2024, 2026, 2023, 2019, 2026]",2850.0
1150,"[2018, 2025, 2024, 2023, 2024]",2767.68
1151,"[2026, 2018, 2019, 2018, 2023]",4203.24
1152,"[2023, 2024, 2018, 2026, 2025]",2681.46
1153,"[2024, 2018, 2018, 2026, 2018]",2779.29
1154,"[2023, 2023, 2026, 2025, 2019]",3536.06
1155,"[2026, 2019, 2023, 2019, 2024]",3440.23
1156,"[2025, 2023, 2026, 2024, 2018]",3101.21
1157,"[2023, 2026, 2024, 2026, 2019]",3526.85
1158,"[2024, 2019, 2025, 2018, 2026]",2270.82
1159,"[2025, 2026, 2023, 2025, 2019]",2987.3
1160,"[2019, 2024, 2018, 2025, 2024]",2717.26
1161,"[2023, 2024, 2026, 2023, 2024]",3624.47
1162,"[2024, 2025, 2026, 2018, 2024]",2934.47
1163,"[2025, 2023, 2025, 2019, 2018]",2765.53
1164,"[2025, 2024, 2018, 2018, 2025]",2148.18
1165,"[2026, 2024, 2026, 2024, 2023]",4765.81
1166,"[2025, 2018, 2024, 2025, 2018]",2514.66
1167,"[2019, 2024, 2019, 2025, 2025]",2215.02
1168,"[2025, 2025, 2018, 2026, 2023]",3524.18
1169,"[2024, 2019, 2019, 2018, 2019]",2617.22
1170,"[2018, 2018, 2026, 2023, 2023]",4060.49
1171,"[2025, 2025, 2026, 2023, 2026]",2417.82
1172,"[2026, 2019, 2025, 2018, 2026]",2590.55
1173,"[2026, 2018, 2024, 2018, 2023]",4263.82
1174,"[2018, 2026, 2026, 2019, 2025]",2681.43
1175,"[2019, 2026, 2024, 2024, 2024]",3133.9
1176,"[2026, 2024, 2024, 2025, 2019]",3063.6
1177,"[2026, 2025, 2024, 2026, 2018]",3163.03
1178,"[2018, 2026, 2024, 2024, 2023]",4151.56
1179,"[2018, 2024, 2023, 2025, 2026]",2453.53
1180,"[2026, 2018, 2019, 2024, 2026]",2655.37
1181,"[2019, 2025, 2024, 2024, 2024]",2687.9
1182,"[2025, 2024, 2025, 2025, 2018]",2493.59
1183,"[2019, 2025, 2019, 2019, 2026]",2198.98
1184,"[2019, 2019, 2018, 2019, 2024]",2694.8
1185,"[2024, 2019, 2019, 2025, 2025]",2227.27
1186,"[2019, 2023, 2018, 2019, 2025]",2447.94
1187,"[2019, 2023, 2023, 2026, 2023]",4572.87
1188,"[2018, 2023, 2018, 2026, 2023]",4167.45
1189,"[2025, 2025, 2025, 2023, 2026]",2174.21
1190,"[2018, 2026, 2026, 2023, 2025]",2812.16
1191,"[2024, 2023, 2024, 2024, 2023]",4232.35
1192,"[2026, 2025, 2023, 2026, 2026]",2916.31
1193,"[2023, 2023, 2018, 2025, 2019]",3233.25
1194,"[2023, 2025, 2024, 2026, 2024]",3205.56
1195,"[2025, 2024, 2018, 2025, 2018]",2535.27
1196,"[2023, 2025, 2025, 2023, 2025]",2519.61
1197,"[2026, 2026, 2024, 2019, 2026]",3044.1
1198,"[2019, 2024, 2026, 2023, 2025]",2557.85
1199,"[2025, 2019, 2018, 2023, 2025]",2209.96
1200,"[2019, 2019, 2018, 2026, 2019]",2658.85
1201,"[2023, 2018, 2018, 2023, 2018]",3120.99
1202,"[2026, 2023, 2018, 2019, 2025]",2867.82
1203,"[2026, 2024, 2026, 2019, 2025]",2858.3
1204,"[2025, 2023, 2019, 2024, 2019]",2776.1
1205,"[2026, 2018, 2023, 2025, 2025]",2738.9
1206,"[2026, 2024, 2025, 2026, 2025]",2683.75
1207,"[2025, 2018, 2023, 2025, 2019]",2620.53
1208,"[2018, 2026, 2023, 2024, 2025]",2693.87
1209,"[2023, 2018, 2025, 2018, 2026]",2530.08
1210,"[2025, 2024, 2023, 2025, 2019]",2691.6
1211,"[2026, 2023, 2025, 2019, 2019]",3281.99
1212,"[2024, 2019, 2018, 2019, 2023]",3688.35
1213,"[2018, 2018, 2025, 2025, 2026]",2157.99
1214,"[2019, 2024, 2019, 2018, 2023]",3676.6
1215,"[2018, 2024, 2018, 2019, 2018]",2639.47
1216,"[2023, 2023, 2024, 2019, 2018]",3417.1
1217,"[2026, 2024, 2019, 2018, 2018]",3128.2
1218,"[2023, 2025, 2024, 2025, 2025]",2460.38
1219,"[2025, 2026, 2018, 2024, 2026]",2476.8
1220,"[2018, 2025, 2024, 2025, 2025]",2120.48
1221,"[2018, 2025, 2018, 2024, 2019]",2470.22
1222,"[2023, 2026, 2024, 2018, 2019]",3367.93
1223,"[2024, 2023, 2023, 2023, 2025]",2864.5
1224,"[2023, 2024, 2023, 2019, 2026]",2881.38
1225,"[2019, 2026, 2026, 2018, 2018]",3227.95
1226,"[2024, 2023, 2023, 2023, 2024]",3520.74
1227,"[2026, 2026, 2023, 2024, 2024]",3932.23
1228,"[2018, 2023, 2026, 2018, 2025]",2646.07
1229,"[2018, 2023, 2025, 2023, 2026]",2575.9
1230,"[2024, 2026, 2026, 2026, 2019]",3383.18
1231,"[2018, 2023, 2023, 2023, 2023]",4527.56
1232,"[2019, 2023, 2023, 2026, 2018]",3316.59
1233,"[2023, 2018, 2025, 2025, 2024]",2993.11
1234,"[2018, 2026, 2023, 2019, 2019]",3109.73
1235,"[2018, 2025, 2024, 2024, 2026]",2229.72
1236,"[2023, 2023, 2025, 2018, 2019]",3212.36
1237,"[2019, 2018, 2018, 2018, 2018]",2587.1
1238,"[2019, 2026, 2023, 2024, 2018]",3242.25
1239,"[2019, 2023, 2026, 2019, 2019]",3112.69
1240,"[2019, 2018, 2024, 2026, 2019]",2691.11
1241,"[2018, 2023, 2019, 2026, 2026]",2620.91
1242,"[2025, 2024, 2019, 2025, 2024]",2630.12
1243,"[2018, 2025, 2026, 2024, 2019]",2702.93
1244,"[2024, 2019, 2026, 2018, 2026]",2523.81
1245,"[2019, 2023, 2026, 2026, 2024]",3447.51
1246,"[2019, 2018, 2023, 2023, 2026]",2555.13
1247,"[2018, 2025, 2019, 2026, 2024]",2724.23
1248,"[2018, 2026, 2024, 2019, 2025]",2498.59
1249,"[2019, 2025, 2018, 2023, 2018]",2653.23
1250,"[2018, 2026, 2019, 2026, 2018]",3073.88
1251,"[2019, 2024, 2019, 2025, 2023]",3642.4
1252,"[2018, 2018, 2024, 2019, 2025]",2196.57
1253,"[2024, 2018, 2019, 2019, 2026]",2308.6
1254,"[2023, 2018, 2018, 2024, 2026]",2598.39
1255,"[2019, 2018, 2019, 2019, 2018]",2603.21
1256,"[2019, 2024, 2026, 2026, 2024]",3147.31
1257,"[2025, 2025, 2024, 2019, 2024]",2570.1
1258,"[2023, 2019, 2018, 2026, 2026]",2707.94
1259,"[2018, 2023, 2026, 2023, 2018]",3313.55
1260,"[2019, 2025, 2025, 2026, 2018]",2604.99
1261,"[2019, 2023, 2025, 2025, 2024]",2928.57
1262,"[2018, 2018, 2024, 2025, 2019]",2523.2
1263,"[2023, 2026, 2024, 2025, 2025]",2862.79
1264,"[2026, 2026, 2019, 2019, 2023]",4814.6
1265,"[2023, 2018, 2025, 2025, 2026]",2503.85
1266,"[2025, 2018, 2018, 2025, 2024]",2549.77
1267,"[2019, 2018, 2023, 2023, 2018]",2953.09
1268,"[2026, 2019, 2019, 2023, 2023]",4435.56
1269,"[2024, 2018, 2025, 2023, 2019]",2671.97
1270,"[2026, 2019, 2018, 2023, 2026]",2766.87
1271,"[2018, 2024, 2026, 2025, 2026]",2462.46
1272,"[2023, 2026, 2018, 2025, 2018]",3355.48
1273,"[2024, 2023, 2018, 2026, 2024]",3230.86
1274,"[2024, 2026, 2025, 2024, 2023]",4150.45
1275,"[2025, 2023, 2023, 2023, 2023]",4404.02
1276,"[2019, 2018, 2024, 2026, 2025]",2312.08
1277,"[2018, 2025, 2026, 2019, 2018]",2749.62
1278,"[2018, 2018, 2018, 2018, 2023]",3531.78
1279,"[2023, 2018, 2023, 2026, 2018]",3389.47
1280,"[2019, 2024, 2024, 2023, 2025]",2383.8
1281,"[2018, 2023, 2024, 2025, 2018]",2910.91
1282,"[2018, 2023, 2026, 2018, 2018]",3157.84
1283,"[2026, 2026, 2024, 2018, 2023]",4873.85
1284,"[2024, 2025, 2023, 2024, 2026]",2466.15
1285,"[2019, 2026, 2019, 2023, 2023]",4285.03
1286,"[2025, 2025, 2018, 2019, 2018]",2442.24
1287,"[2019, 2019, 2018, 2019, 2018]",2608.99
1288,"[2025, 2019, 2026, 2024, 2024]",2866.01
1289,"[2024, 2024, 2026, 2024, 2018]",3013.45
1290,"[2024, 2023, 2026, 2018, 2024]",3376.79
1291,"[2018, 2024, 2018, 2024, 2018]",2660.46
1292,"[2025, 2018, 2018, 2025, 2019]",2407.6
1293,"[2018, 2025, 2026, 2025, 2019]",2649.01
1294,"[2024, 2023, 2019, 2025, 2026]",2566.79
1295,"[2024, 2018, 2018, 2025, 2024]",2714.63
1296,"[2026, 2019, 2025, 2025, 2024]",3070.14
1297,"[2018, 2018, 2024, 2023, 2026]",2370.86
1298,"[2019, 2026, 2023, 2026, 2023]",4646.86
1299,"[2023, 2026, 2019, 2026, 2025]",2983.12
1300,"[2023, 2019, 2026, 2025, 2026]",2799.65
1301,"[2024, 2025, 2023, 2026, 2026]",2553.92
1302,"[2019, 2024, 2018, 2023, 2026]",2410.7
1303,"[2026, 2026, 2025, 2019, 2019]",3321.71
1304,"[2023, 2023, 2026, 2024, 2023]",5103.95
1305,"[2023, 2023, 2019, 2018, 2019]",3279.78
1306,"[2025, 2024, 2018, 2019, 2018]",2565.85
1307,"[2018, 2018, 2018, 2025, 2019]",2476.93
1308,"[2024, 2025, 2024, 2024, 2018]",2670.09
1309,"[2023, 2024, 2019, 2018, 2019]",2993.61
1310,"[2023, 2024, 2026, 2024, 2024]",3489.0
1311,"[2023, 2026, 2025, 2023, 2018]",3498.33
1312,"[2024, 2019, 2018, 2024, 2023]",3717.17
1313,"[2018, 2019, 2024, 2018, 2018]",2629.96
1314,"[2023, 2023, 2024, 2024, 2023]",4741.2
1315,"[2023, 2024, 2026, 2018, 2024]",3454.46
1316,"[2024, 2019, 2025, 2019, 2026]",2275.02
1317,"[2019, 2018, 2026, 2024, 2018]",2859.25
1318,"[2018, 2024, 2023, 2024, 2019]",2824.32
1319,"[2026, 2023, 2019, 2023, 2019]",3510.06
1320,"[2026, 2025, 2024, 2019, 2018]",3025.7
1321,"[2018, 2023, 2019, 2018, 2023]",3990.89
1322,"[2026, 2025, 2018, 2026, 2026]",2676.91
1323,"[2025, 2025, 2024, 2025, 2023]",3391.02
1324,"[2019, 2026, 2024, 2026, 2023]",4351.46
1325,"[2024, 2019, 2024, 2019, 2025]",2287.47
1326,"[2019, 2019, 2026, 2023, 2026]",2582.94
1327,"[2025, 2018, 2026, 2018, 2025]",2285.28
1328,"[2025, 2025, 2019, 2024, 2025]",2073.08
1329,"[2026, 2023, 2024, 2024, 2023]",4847.66
1330,"[2024, 2019, 2026, 2019, 2024]",3026.82
1331,"[2024, 2019, 2024, 2024, 2025]",2305.9
1332,"[2018, 2026, 2018, 2026, 2025]",2560.74
1333,"[2023, 2023, 2026, 2026, 2023]",5302.06
1334,"[2019, 2019, 2026, 2023, 2019]",2916.51
1335,"[2018, 2025, 2024, 2019, 2025]",2146.81
1336,"[2019, 2019, 2018, 2024, 2019]",2565.08
1337,"[2026, 2018, 2023, 2023, 2023]",4772.21
1338,"[2019, 2019, 2023, 2025, 2019]",2736.76
1339,"[2026, 2026, 2019, 2023, 2025]",3052.11
1340,"[2024, 2019, 2026, 2023, 2024]",3169.68
1341,"[2025, 2018, 2025, 2018, 2019]",2391.99
1342,"[2026, 2026, 2026, 2026, 2023]",5512.82
1343,"[2023, 2026, 2025, 2018, 2018]",3333.54
1344,"[2019, 2018, 2025, 2024, 2018]",2569.96
1345,"[2025, 2023, 2019, 2024, 2023]",3920.24
1346,"[2023, 2026, 2024, 2018, 2026]",2981.68
1347,"[2023, 2018, 2018, 2018, 2026]",2573.02
1348,"[2025, 2024, 2018, 2025, 2019]",2472.74
1349,"[2023, 2019, 2025, 2019, 2024]",3048.68
1350,"[2019, 2025, 2019, 2024, 2019]",2502.08
1351,"[2025, 2023, 2025, 2023, 2019]",2824.51
1352,"[2024, 2024, 2025, 2024, 2026]",2340.2
1353,"[2025, 2025, 2019, 2018, 2018]",2447.91
1354,"[2018, 2023, 2025, 2019, 2019]",2774.63
1355,"[2018, 2026, 2023, 2025, 2026]",2719.91
1356,"[2023, 2018, 2026, 2025, 2025]",2699.15
1357,"[2025, 2019, 2023, 2019, 2025]",2296.34
1358,"[2025, 2024, 2025, 2019, 2025]",2115.9
1359,"[2019, 2026, 2018, 2024, 2026]",2569.97
1360,"[2024, 2023, 2025, 2018, 2019]",2866.17
1361,"[2019, 2024, 2024, 2023, 2018]",2839.56
1362,"[2023, 2024, 2025, 2026, 2023]",4344.21
1363,"[2025, 2024, 2026, 2025, 2018]",2774.36
1364,"[2026, 2024, 2018, 2023, 2024]",3376.24
1365,"[2023, 2018, 2019, 2025, 2024]",3055.8
1366,"[2018, 2025, 2026, 2019, 2026]",2373.08
1367,"[2023, 2026, 2018, 2024, 2019]",3338.65
1368,"[2023, 2023, 2026, 2026, 2023]",5302.06
1369,"[2025, 2025, 2019, 2018, 2018]",2447.91
1370,"[2023, 2018, 2019, 2026, 2023]",4315.92
1371,"[2019, 2026, 2023, 2019, 2018]",3216.52
1372,"[2018, 2025, 2025, 2026, 2024]",2668.38
1373,"[2018, 2019, 2023, 2023, 2024]",3043.13
1374,"[2026, 2025, 2026, 2019, 2023]",4501.29
1375,"[2025, 2024, 2026, 2025, 2024]",2866.65
1376,"[2023, 2026, 2018, 2023, 2026]",3073.07
1377,"[2025, 2018, 2025, 2024, 2024]",2558.38
1378,"[2018, 2025, 2023, 2026, 2023]",3941.73
1379,"[2023, 2018, 2023, 2026, 2018]",3389.47
1380,"[2019, 2024, 2019, 2018, 2018]",2668.46
1381,"[2023, 2018, 2023, 2025, 2024]",3310.87
1382,"[2025, 2019, 2025, 2024, 2018]",2492.89
1383,"[2024, 2023, 2019, 2024, 2026]",2619.28
1384,"[2018, 2023, 2019, 2019, 2025]",2437.08
1385,"[2025, 2018, 2025, 2023, 2023]",3542.34
1386,"[2026, 2018, 2026, 2019, 2023]",4602.04
1387,"[2024, 2024, 2026, 2026, 2026]",2694.73
1388,"[2026, 2025, 2018, 2019, 2026]",2563.13
1389,"[2018, 2019, 2025, 2023, 2023]",3667.01
1390,"[2018, 2024, 2025, 2019, 2018]",2596.21
1391,"[2023, 2026, 2023, 2025, 2019]",3563.65
1392,"[2026, 2018, 2026, 2026, 2025]",2906.43
1393,"[2025, 2025, 2019, 2018, 2024]",2528.58
1394,"[2024, 2024, 2018, 2026, 2023]",3939.72
1395,"[2024, 2026, 2024, 2025, 2025]",2553.8
1396,"[2023, 2026, 2019, 2023, 2019]",3484.04
1397,"[2023, 2018, 2023, 2019, 2026]",2805.72
1398,"[2023, 2025, 2023, 2018, 2018]",3165.97
1399,"[2019, 2018, 2026, 2024, 2025]",2395.08
1400,"[2018, 2019, 2026, 2025, 2019]",2727.06
1401,"[2019, 2026, 2018, 2026, 2026]",2662.41
1402,"[2025, 2026, 2025, 2018, 2019]",2724.55
1403,"[2025, 2024, 2023, 2018, 2026]",2409.77
1404,"[2024, 2023, 2023, 2024, 2018]",3282.96
1405,"[2018, 2025, 2024, 2019, 2019]",2496.57
1406,"[2025, 2024, 2018, 2025, 2024]",2618.87
1407,"[2024, 2023, 2024, 2019, 2026]",2635.82
1408,"[2025, 2019, 2019, 2023, 2024]",2730.64
1409,"[2026, 2018, 2018, 2025, 2019]",2927.19
1410,"[2026, 2025, 2024, 2026, 2023]",4375.79
1411,"[2018, 2024, 2018, 2018, 2025]",2210.47
1412,"[2025, 2025, 2025, 2023, 2026]",2174.21
1413,"[2024, 2026, 2018, 2018, 2018]",3024.49
1414,"[2018, 2026, 2024, 2024, 2023]",4151.56
1415,"[2026, 2023, 2019, 2026, 2023]",4964.34
1416,"[2019, 2023, 2025, 2023, 2018]",3004.04
1417,"[2018, 2018, 2024, 2025, 2023]",3565.04
1418,"[2026, 2018, 2025, 2025, 2024]",3050.16
1419,"[2019, 2018, 2018, 2019, 2019]",2528.42
1420,"[2024, 2024, 2026, 2025, 2023]",4081.32
1421,"[2026, 2019, 2026, 2024, 2023]",4669.97
1422,"[2023, 2025, 2023, 2025, 2018]",3134.46
1423,"[2018, 2023, 2024, 2019, 2019]",2873.59
1424,"[2023, 2019, 2019, 2025, 2023]",4103.63
1425,"[2019, 2025, 2025, 2023, 2023]",3594.35
1426,"[2023, 2025, 2023, 2025, 2025]",2629.8
1427,"[2026, 2018, 2025, 2018, 2026]",2574.05
1428,"[2025, 2025, 2023, 2019, 2025]",2230.2
1429,"[2019, 2018, 2023, 2025, 2018]",2787.5
1430,"[2025, 2024, 2019, 2025, 2019]",2483.24
1431,"[2023, 2025, 2025, 2024, 2023]",3982.45
1432,"[2018, 2026, 2026, 2025, 2023]",4385.38
1433,"[2024, 2026, 2019, 2019, 2026]",2626.73
1434,"[2026, 2018, 2023, 2024, 2019]",3252.4
1435,"[2018, 2024, 2025, 2025, 2025]",2150.59
1436,"[2018, 2023, 2023, 2025, 2018]",3109.47
1437,"[2018, 2025, 2024, 2023, 2023]",3688.51
1438,"[2019, 2025, 2018, 2019, 2019]",2471.74
1439,"[2023, 2018, 2026, 2026, 2019]",3324.71
1440,"[2025, 2018, 2023, 2019, 2019]",2652.17
1441,"[2026, 2025, 2023, 2018, 2023]",4453.68
1442,"[2018, 2023, 2025, 2025, 2023]",3873.92
1443,"[2019, 2026, 2025, 2019, 2026]",2506.24
1444,"[2023, 2025, 2018, 2025, 2025]",2415.49
1445,"[2018, 2019, 2023, 2023, 2023]",4052.37
1446,"[2019, 2025, 2024, 2024, 2025]",2182.48
1447,"[2023, 2025, 2023, 2023, 2023]",4566.43
1448,"[2018, 2025, 2025, 2018, 2024]",2547.72
1449,"[2024, 2019, 2024, 2018, 2024]",2811.38
1450,"[2018, 2019, 2026, 2024, 2026]",2463.08
1451,"[2023, 2024, 2025, 2024, 2024]",3135.57
1452,"[2025, 2024, 2023, 2019, 2023]",3846.44
1453,"[2019, 2019, 2024, 2018, 2018]",2652.68
1454,"[2018, 2019, 2023, 2025, 2018]",2781.63
1455,"[2019, 2024, 2023, 2018, 2018]",2891.9
1456,"[2025, 2026, 2024, 2023, 2018]",3037.89
1457,"[2024, 2025, 2018, 2019, 2023]",3583.49
1458,"[2019, 2025, 2026, 2018, 2026]",2388.96
1459,"[2025, 2025, 2024, 2025, 2018]",2458.37
1460,"[2023, 2018, 2018, 2019, 2023]",4104.87
1461,"[2026, 2019, 2026, 2018, 2024]",3453.55
1462,"[2024, 2019, 2026, 2023, 2024]",3169.68
1463,"[2019, 2026, 2025, 2018, 2018]",2898.85
1464,"[2024, 2025, 2019, 2019, 2024]",2697.4
1465,"[2019, 2023, 2018, 2026, 2018]",3048.03
1466,"[2019, 2024, 2024, 2024, 2023]",3766.55
1467,"[2023, 2025, 2018, 2019, 2025]",2445.43
1468,"[2026, 2024, 2019, 2024, 2026]",2727.53
1469,"[2023, 2025, 2019, 2025, 2024]",2987.66
1470,"[2023, 2018, 2018, 2018, 2025]",2497.62
1471,"[2018, 2024, 2018, 2023, 2023]",3801.79
1472,"[2019, 2025, 2023, 2018, 2019]",2685.31
1473,"[2026, 2023, 2025, 2025, 2025]",2784.54
1474,"[2025, 2025, 2026, 2023, 2019]",2730.63
1475,"[2023, 2018, 2019, 2018, 2026]",2583.66
1476,"[2018, 2018, 2024, 2023, 2026]",2370.86
1477,"[2024, 2018, 2018, 2025, 2023]",3621.93
1478,"[2026, 2025, 2024, 2025, 2023]",4131.03
1479,"[2018, 2018, 2018, 2025, 2023]",3498.98
1480,"[2023, 2023, 2018, 2019, 2023]",4617.43
1481,"[2018, 2024, 2024, 2025, 2025]",2228.02
1482,"[2019, 2024, 2018, 2019, 2019]",2596.79
1483,"[2023, 2018, 2025, 2018, 2024]",3023.03
1484,"[2018, 2025, 2023, 2026, 2026]",2467.8
1485,"[2018, 2025, 2023, 2023, 2018]",2862.74
1486,"[2026, 2019, 2025, 2025, 2018]",2971.29
1487,"[2025, 2025, 2023, 2023, 2024]",2874.31
1488,"[2023, 2019, 2023, 2026, 2025]",2860.43
1489,"[2025, 2025, 2025, 2024, 2023]",3339.09
1490,"[2019, 2019, 2025, 2024, 2024]",2671.86
1491,"[2026, 2024, 2019, 2024, 2026]",2727.53
1492,"[2019, 2018, 2026, 2019, 2019]",2766.16
1493,"[2018, 2023, 2024, 2024, 2026]",2567.3
1494,"[2018, 2018, 2019, 2018, 2019]",2512.65
1495,"[2026, 2025, 2024, 2024, 2026]",2632.56
1496,"[2025, 2018, 2026, 2023, 2024]",2957.91
1497,"[2019, 2026, 2026, 2026, 2026]",2913.08
1498,"[2018, 2023, 2019, 2025, 2024]",2964.09
1499,"[2023, 2024, 2026, 2026, 2023]",4842.75
1500,"[2025, 2019, 2025, 2024, 2025]",2090.25
1501,"[2019, 2019, 2019, 2023, 2026]",2372.34
1502,"[2023, 2025, 2024, 2026, 2024]",3205.56
1503,"[2024, 2025, 2023, 2026, 2019]",2884.26
1504,"[2023, 2019, 2018, 2024, 2026]",2614.94
1505,"[2018, 2024, 2023, 2023, 2026]",2601.79
1506,"[2025, 2026, 2024, 2025, 2023]",3960.4
1507,"[2025, 2024, 2026, 2023, 2026]",2540.21
1508,"[2024, 2024, 2018, 2024, 2023]",3793.09
1509,"[2025, 2024, 2023, 2023, 2026]",2529.15
1510,"[2025, 2024, 2018, 2019, 2024]",2650.3
1511,"[2024, 2023, 2019, 2019, 2018]",3005.93
1512,"[2023, 2025, 2023, 2018, 2019]",3088.34
1513,"[2023, 2025, 2019, 2024, 2019]",2877.95
1514,"[2025, 2018, 2019, 2018, 2019]",2442.37
1515,"[2019, 2023, 2023, 2026, 2025]",2780.74
1516,"[2023, 2025, 2023, 2018, 2024]",3269.76
1517,"[2019, 2026, 2019, 2025, 2025]",2453.13
1518,"[2019, 2024, 2018, 2018, 2025]",2229.27
1519,"[2019, 2026, 2025, 2018, 2019]",2826.83
1520,"[2026, 2019, 2019, 2023, 2023]",4435.56
1521,"[2023, 2018, 2019, 2019, 2024]",3092.39
1522,"[2026, 2024, 2018, 2023, 2023]",4506.14
1523,"[2024, 2018, 2026, 2019, 2025]",2437.72
1524,"[2026, 2026, 2023, 2024, 2018]",3805.69
1525,"[2019, 2026, 2026, 2023, 2026]",2923.68
1526,"[2025, 2018, 2019, 2019, 2023]",3457.4
1527,"[2023, 2026, 2024, 2019, 2019]",3374.49
1528,"[2019, 2023, 2024, 2023, 2019]",3034.85
1529,"[2025, 2025, 2025, 2018, 2026]",2070.99
1530,"[2024, 2019, 2018, 2026, 2026]",2415.42
1531,"[2025, 2019, 2018, 2023, 2024]",2718.84
1532,"[2019, 2026, 2023, 2023, 2023]",4641.93
1533,"[2026, 2019, 2018, 2019, 2023]",4221.68
1534,"[2024, 2019, 2024, 2019, 2026]",2356.83
1535,"[2026, 2018, 2026, 2024, 2018]",3353.47
1536,"[2019, 2026, 2018, 2023, 2026]",2672.01
1537,"[2018, 2019, 2023, 2018, 2026]",2429.57
1538,"[2025, 2019, 2024, 2019, 2026]",2213.44
1539,"[2018, 2024, 2023, 2019, 2023]",3954.84
1540,"[2019, 2025, 2025, 2026, 2018]",2604.99
1541,"[2025, 2025, 2026, 2018, 2024]",2756.42
1542,"[2018, 2019, 2026, 2018, 2018]",2824.98
1543,"[2019, 2026, 2026, 2026, 2019]",3297.17
1544,"[2025, 2019, 2025, 2018, 2019]",2407.47
1545,"[2023, 2024, 2018, 2019, 2023]",4216.73
1546,"[2024, 2025, 2024, 2019, 2018]",2648.99
1547,"[2026, 2026, 2026, 2019, 2024]",3924.02
1548,"[2018, 2025, 2018, 2026, 2019]",2560.54
1549,"[2023, 2026, 2018, 2018, 2026]",2926.73
1550,"[2018, 2024, 2019, 2018, 2023]",3644.38
1551,"[2026, 2018, 2025, 2019, 2024]",3087.06
1552,"[2025, 2018, 2026, 2026, 2024]",2953.33
1553,"[2023, 2024, 2026, 2024, 2023]",4661.6
1554,"[2025, 2018, 2025, 2025, 2023]",3348.69
1555,"[2026, 2025, 2026, 2018, 2024]",3354.2
1556,"[2023, 2024, 2025, 2024, 2023]",4182.47
1557,"[2018, 2019, 2025, 2025, 2023]",3466.65
1558,"[2026, 2019, 2019, 2026, 2019]",3130.32
1559,"[2018, 2026, 2023, 2018, 2026]",2748.58
1560,"[2019, 2025, 2018, 2018, 2026]",2185.86
1561,"[2019, 2023, 2019, 2018, 2019]",2852.02
1562,"[2026, 2018, 2024, 2023, 2023]",4469.14
1563,"[2019, 2018, 2026, 2019, 2025]",2375.76
1564,"[2025, 2023, 2025, 2025, 2019]",2665.16
1565,"[2019, 2019, 2023, 2019, 2026]",2454.91
1566,"[2026, 2019, 2026, 2026, 2025]",2925.36
1567,"[2024, 2018, 2024, 2024, 2024]",2820.84
1568,"[2026, 2019, 2018, 2025, 2018]",3021.3
1569,"[2019, 2024, 2026, 2025, 2019]",2806.89
1570,"[2024, 2023, 2026, 2018, 2019]",3187.68
1571,"[2018, 2023, 2019, 2024, 2024]",3023.35
1572,"[2019, 2024, 2024, 2019, 2018]",2712.15
1573,"[2026, 2023, 2025, 2025, 2026]",2869.79
1574,"[2018, 2025, 2025, 2018, 2025]",2068.39
1575,"[2026, 2023, 2026, 2023, 2025]",3286.88
1576,"[2026, 2019, 2024, 2019, 2018]",3115.68
1577,"[2023, 2024, 2023, 2019, 2026]",2881.38
1578,"[2019, 2026, 2026, 2025, 2025]",2670.84
1579,"[2018, 2025, 2023, 2023, 2019]",2792.74
1580,"[2025, 2025, 2026, 2026, 2018]",2794.58
1581,"[2025, 2018, 2019, 2026, 2018]",2621.81
1582,"[2026, 2026, 2024, 2025, 2023]",4828.04
1583,"[2025, 2023, 2023, 2025, 2023]",4164.13
1584,"[2019, 2019, 2019, 2026, 2024]",2828.78
1585,"[2026, 2024, 2023, 2024, 2018]",3425.82
1586,"[2026, 2025, 2026, 2025, 2018]",3212.8
1587,"[2018, 2018, 2023, 2023, 2018]",2927.58
1588,"[2024, 2023, 2025, 2019, 2024]",3041.0
1589,"[2025, 2023, 2024, 2023, 2024]",3096.72
1590,"[2026, 2024, 2026, 2023, 2019]",3491.42
1591,"[2024, 2019, 2023, 2025, 2026]",2488.3
1592,"[2019, 2018, 2018, 2019, 2019]",2528.42
1593,"[2024, 2023, 2025, 2024, 2019]",2894.6
1594,"[2025, 2025, 2023, 2023, 2025]",2336.87
1595,"[2026, 2019, 2023, 2024, 2023]",4630.27
1596,"[2018, 2019, 2023, 2018, 2018]",2809.6
1597,"[2023, 2023, 2024, 2019, 2023]",4704.51
1598,"[2026, 2026, 2019, 2025, 2023]",4759.03
1599,"[2024, 2023, 2019, 2026, 2024]",3244.84
1600,"[2019, 2018, 2026, 2018, 2026]",2443.9
1601,"[2019, 2024, 2026, 2025, 2026]",2483.62
1602,"[2018, 2023, 2025, 2018, 2025]",2382.13
1603,"[2019, 2025, 2024, 2018, 2018]",2576.62
1604,"[2025, 2026, 2019, 2024, 2025]",2413.28
1605,"[2018, 2026, 2024, 2024, 2026]",2595.92
1606,"[2026, 2025, 2018, 2024, 2023]",4133.28
1607,"[2026, 2018, 2026, 2026, 2025]",2906.43
1608,"[2023, 2023, 2018, 2026, 2026]",3027.76
1609,"[2025, 2024, 2024, 2018, 2023]",3595.06
1610,"[2025, 2018, 2025, 2025, 2026]",2097.08
1611,"[2026, 2024, 2023, 2026, 2026]",3064.98
1612,"[2026, 2019, 2018, 2025, 2024]",3121.59
1613,"[2018, 2026, 2019, 2026, 2019]",2997.17
1614,"[2018, 2018, 2025, 2026, 2025]",2213.12
1615,"[2025, 2018, 2019, 2023, 2026]",2271.59
1616,"[2023, 2018, 2019, 2019, 2024]",3092.39
1617,"[2019, 2024, 2018, 2018, 2025]",2229.27
1618,"[2023, 2026, 2023, 2023, 2025]",3248.94
1619,"[2019, 2025, 2018, 2024, 2023]",3519.7
1620,"[2026, 2018, 2018, 2026, 2023]",4390.42
1621,"[2019, 2025, 2024, 2019, 2024]",2666.7
1622,"[2023, 2025, 2026, 2026, 2026]",2875.32
1623,"[2026, 2025, 2025, 2018, 2019]",2842.29
1624,"[2019, 2018, 2018, 2023, 2024]",2802.53
1625,"[2026, 2025, 2018, 2018, 2024]",3062.01
1626,"[2018, 2025, 2018, 2018, 2025]",2103.75
1627,"[2024, 2026, 2018, 2024, 2025]",2558.75
1628,"[2026, 2024, 2025, 2025, 2019]",2957.0
1629,"[2019, 2019, 2018, 2019, 2023]",3594.57
1630,"[2019, 2023, 2018, 2023, 2023]",4200.12
1631,"[2019, 2024, 2025, 2026, 2026]",2362.18
1632,"[2025, 2019, 2026, 2023, 2018]",2882.29
1633,"[2025, 2023, 2018, 2024, 2024]",2926.98
1634,"[2026, 2026, 2024, 2019, 2023]",4884.41
1635,"[2026, 2023, 2024, 2025, 2024]",3558.49
1636,"[2024, 2018, 2019, 2018, 2018]",2665.91
1637,"[2024, 2019, 2023, 2019, 2024]",3009.23
1638,"[2025, 2018, 2023, 2024, 2024]",2830.43
1639,"[2024, 2026, 2018, 2023, 2019]",3095.55
1640,"[2025, 2019, 2024, 2023, 2018]",2682.01
1641,"[2019, 2023, 2019, 2018, 2024]",3019.81
1642,"[2023, 2023, 2018, 2018, 2025]",2810.69
1643,"[2018, 2024, 2024, 2026, 2019]",2740.26
1644,"[2018, 2018, 2026, 2018, 2023]",3873.91
1645,"[2018, 2026, 2024, 2025, 2019]",2874.11
1646,"[2024, 2023, 2025, 2019, 2023]",4056.56
1647,"[2024, 2024, 2025, 2026, 2018]",2808.03
1648,"[2025, 2023, 2019, 2025, 2026]",2410.81
1649,"[2026, 2024, 2025, 2018, 2018]",3063.31
1650,"[2026, 2019, 2026, 2019, 2019]",3264.95
1651,"[2018, 2024, 2026, 2024, 2018]",2911.48
1652,"[2026, 2025, 2019, 2023, 2026]",2697.93
1653,"[2018, 2026, 2025, 2023, 2024]",3115.7
1654,"[2024, 2026, 2019, 2019, 2019]",2967.96
1655,"[2024, 2018, 2023, 2023, 2024]",3129.08
1656,"[2023, 2026, 2024, 2019, 2018]",3460.24
1657,"[2019, 2018, 2026, 2025, 2023]",3871.74
1658,"[2019, 2019, 2019, 2025, 2026]",2236.65
1659,"[2019, 2024, 2025, 2024, 2024]",2726.44
1660,"[2018, 2024, 2018, 2026, 2023]",3805.82
1661,"[2025, 2024, 2019, 2026, 2024]",2782.17
1662,"[2018, 2024, 2023, 2023, 2026]",2601.79
1663,"[2024, 2026, 2025, 2026, 2024]",3219.94
1664,"[2018, 2026, 2023, 2025, 2019]",3072.37
1665,"[2025, 2024, 2018, 2019, 2024]",2650.3
1666,"[2019, 2025, 2024, 2018, 2018]",2576.62
1667,"[2023, 2024, 2025, 2026, 2026]",2717.3
1668,"[2024, 2025, 2023, 2025, 2018]",2796.56
1669,"[2026, 2026, 2019, 2018, 2026]",2994.49
1670,"[2018, 2018, 2019, 2026, 2018]",2696.96
1671,"[2026, 2025, 2026, 2019, 2018]",3252.18
1672,"[2019, 2019, 2023, 2024, 2023]",3940.62
1673,"[2018, 2019, 2018, 2019, 2025]",2170.18
1674,"[2018, 2026, 2018, 2018, 2026]",2522.84
1675,"[2018, 2025, 2018, 2024, 2019]",2470.22
1676,"[2023, 2019, 2018, 2019, 2026]",2594.14
1677,"[2025, 2018, 2026, 2023, 2018]",2863.37
1678,"[2023, 2019, 2018, 2023, 2024]",3244.05
1679,"[2026, 2025, 2018, 2024, 2024]",3092.66
1680,"[2025, 2026, 2023, 2019, 2024]",3203.04
1681,"[2025, 2026, 2024, 2026, 2024]",3133.38
1682,"[2019, 2019, 2026, 2019, 2024]",2949.87
1683,"[2018, 2023, 2024, 2024, 2026]",2567.3
1684,"[2019, 2026, 2024, 2025, 2025]",2488.88
1685,"[2026, 2025, 2019, 2026, 2023]",4313.57
1686,"[2018, 2025, 2023, 2024, 2018]",2756.29
1687,"[2026, 2023, 2023, 2026, 2019]",3796.87
1688,"[2019, 2024, 2024, 2023, 2018]",2839.56
1689,"[2018, 2018, 2024, 2025, 2019]",2523.2
1690,"[2024, 2024, 2025, 2026, 2018]",2808.03
1691,"[2026, 2019, 2024, 2023, 2023]",4499.49
1692,"[2026, 2018, 2018, 2018, 2018]",3032.13
1693,"[2024, 2025, 2025, 2024, 2024]",2662.95
1694,"[2018, 2024, 2026, 2025, 2026]",2462.46
1695,"[2026, 2026, 2024, 2024, 2024]",3677.76
1696,"[2019, 2025, 2019, 2026, 2026]",2295.84
1697,"[2025, 2025, 2024, 2018, 2018]",2483.22
1698,"[2025, 2018, 2023, 2023, 2024]",2939.36
1699,"[2026, 2023, 2026, 2025, 2023]",5120.12
1700,"[2025, 2025, 2019, 2018, 2023]",3374.42
1701,"[2018, 2019, 2025, 2018, 2018]",2539.31
1702,"[2025, 2019, 2023, 2025, 2023]",3726.43
1703,"[2023, 2024, 2025, 2019, 2026]",2602.84
1704,"[2023, 2025, 2026, 2018, 2024]",3288.79
1705,"[2018, 2018, 2023, 2019, 2026]",2418.44
1706,"[2023, 2023, 2025, 2019, 2024]",3408.01
1707,"[2019, 2024, 2024, 2026, 2018]",2834.22
1708,"[2024, 2024, 2024, 2019, 2026]",2404.98
1709,"[2026, 2018, 2024, 2023, 2023]",4469.14
1710,"[2018, 2023, 2024, 2019, 2023]",4056.7
1711,"[2026, 2024, 2026, 2023, 2023]",4946.79
1712,"[2024, 2025, 2024, 2019, 2024]",2736.25
1713,"[2025, 2023, 2019, 2025, 2018]",2789.99
1714,"[2024, 2026, 2025, 2023, 2019]",3044.49
1715,"[2024, 2018, 2025, 2025, 2024]",2670.24
1716,"[2026, 2019, 2024, 2026, 2023]",4504.28
1717,"[2023, 2025, 2018, 2018, 2023]",4006.51
1718,"[2024, 2019, 2024, 2026, 2024]",2944.31
1719,"[2025, 2023, 2023, 2023, 2019]",3124.73
1720,"[2018, 2025, 2018, 2019, 2024]",2595.17
1721,"[2026, 2019, 2018, 2025, 2018]",3021.3
1722,"[2018, 2024, 2018, 2026, 2026]",2381.72
1723,"[2026, 2023, 2026, 2025, 2025]",3095.53
1724,"[2023, 2026, 2025, 2018, 2025]",2791.93
1725,"[2019, 2019, 2018, 2024, 2023]",3622.66
1726,"[2018, 2023, 2025, 2018, 2024]",2932.31
1727,"[2018, 2026, 2024, 2019, 2019]",2909.17
1728,"[2023, 2023, 2019, 2025, 2018]",3328.75
1729,"[2019, 2026, 2018, 2026, 2018]",3087.34
1730,"[2019, 2018, 2025, 2026, 2019]",2598.44
1731,"[2023, 2023, 2024, 2019, 2024]",3529.18
1732,"[2024, 2019, 2026, 2018, 2023]",4037.4
1733,"[2023, 2023, 2018, 2024, 2026]",2923.97
1734,"[2025, 2018, 2026, 2018, 2024]",2818.99
1735,"[2019, 2025, 2023, 2024, 2024]",2871.5
1736,"[2018, 2025, 2024, 2026, 2026]",2309.24
1737,"[2019, 2025, 2025, 2019, 2023]",3437.04
1738,"[2023, 2019, 2025, 2026, 2024]",3186.51
1739,"[2018, 2024, 2025, 2025, 2025]",2150.59
1740,"[2019, 2023, 2023, 2019, 2025]",2664.74
1741,"[2018, 2018, 2018, 2024, 2025]",2173.85
1742,"[2023, 2026, 2025, 2025, 2025]",2762.41
1743,"[2019, 2018, 2019, 2019, 2024]",2688.83
1744,"[2026, 2023, 2019, 2026, 2025]",3006.44
1745,"[2025, 2026, 2019, 2024, 2019]",2810.34
1746,"[2023, 2019, 2019, 2026, 2019]",3071.06
1747,"[2019, 2023, 2018, 2023, 2026]",2641.93
1748,"[2023, 2018, 2025, 2019, 2026]",2534.74
1749,"[2026, 2019, 2026, 2026, 2026]",3016.26
1750,"[2024, 2025, 2023, 2018, 2024]",2917.46
1751,"[2026, 2026, 2026, 2023, 2023]",5506.9
1752,"[2023, 2026, 2018, 2025, 2023]",4634.1
1753,"[2025, 2019, 2023, 2018, 2019]",2664.4
1754,"[2026, 2019, 2018, 2026, 2023]",4420.2
1755,"[2025, 2019, 2023, 2019, 2024]",2826.7
1756,"[2025, 2018, 2023, 2026, 2026]",2453.74
1757,"[2024, 2019, 2024, 2025, 2025]",2259.42
1758,"[2023, 2025, 2023, 2018, 2026]",2737.72
1759,"[2018, 2023, 2019, 2023, 2018]",3040.34
1760,"[2026, 2024, 2026, 2018, 2023]",4718.23
1761,"[2026, 2025, 2018, 2019, 2025]",2487.0
1762,"[2018, 2018, 2019, 2018, 2019]",2512.65
1763,"[2018, 2018, 2026, 2018, 2026]",2423.11
1764,"[2018, 2026, 2019, 2023, 2026]",2660.3
1765,"[2026, 2025, 2026, 2023, 2026]",2939.7
1766,"[2026, 2024, 2026, 2018, 2024]",3524.56
1767,"[2023, 2024, 2023, 2026, 2019]",3395.49
1768,"[2025, 2025, 2019, 2024, 2024]",2553.74
1769,"[2023, 2026, 2018, 2026, 2026]",3062.05
1770,"[2025, 2019, 2026, 2026, 2018]",2876.82
1771,"[2026, 2026, 2025, 2023, 2023]",4934.14
1772,"[2023, 2025, 2026, 2025, 2024]",3255.97
1773,"[2026, 2026, 2025, 2019, 2023]",4716.11
1774,"[2023, 2025, 2026, 2019, 2023]",4404.35
1775,"[2026, 2026, 2026, 2025, 2018]",3750.13
1776,"[2023, 2025, 2026, 2024, 2023]",4438.97
1777,"[2026, 2025, 2023, 2025, 2024]",3301.43
1778,"[2018, 2023, 2025, 2018, 2026]",2454.21
1779,"[2023, 2019, 2018, 2023, 2025]",2638.23
1780,"[2026, 2026, 2018, 2019, 2018]",3464.64
1781,"[2023, 2026, 2019, 2018, 2023]",4698.93
1782,"[2024, 2018, 2025, 2019, 2019]",2551.71
1783,"[2018, 2019, 2019, 2025, 2019]",2503.52
1784,"[2019, 2023, 2025, 2024, 2023]",3984.31
1785,"[2019, 2025, 2018, 2023, 2026]",2294.43
1786,"[2018, 2023, 2026, 2018, 2026]",2726.8
1787,"[2019, 2024, 2023, 2026, 2018]",3027.6
1788,"[2018, 2019, 2025, 2023, 2019]",2598.56
1789,"[2019, 2024, 2023, 2019, 2019]",2826.38
1790,"[2019, 2019, 2018, 2019, 2023]",3594.57
1791,"[2024, 2024, 2018, 2019, 2018]",2731.73
1792,"[2019, 2025, 2023, 2018, 2019]",2685.31
1793,"[2025, 2025, 2023, 2018, 2023]",3654.59
1794,"[2019, 2019, 2023, 2025, 2026]",2425.06
1795,"[2023, 2018, 2025, 2025, 2024]",2993.11
1796,"[2018, 2026, 2023, 2026, 2025]",2789.76
1797,"[2019, 2023, 2025, 2025, 2023]",3908.29
1798,"[2019, 2023, 2024, 2026, 2024]",3207.75
1799,"[2024, 2019, 2026, 2023, 2026]",2650.31
1800,"[2023, 2019, 2023, 2026, 2026]",2947.41
1801,"[2025, 2026, 2019, 2024, 2018]",2881.88
1802,"[2025, 2023, 2024, 2018, 2023]",3937.18
1803,"[2025, 2024, 2024, 2019, 2025]",2192.17
1804,"[2025, 2026, 2019, 2026, 2019]",2914.09
1805,"[2019, 2018, 2024, 2025, 2023]",3596.52
1806,"[2025, 2025, 2019, 2025, 2023]",3342.99
1807,"[2026, 2023, 2023, 2023, 2026]",3372.62
1808,"[2019, 2025, 2025, 2024, 2019]",2450.45
1809,"[2024, 2018, 2025, 2026, 2018]",2733.98
1810,"[2025, 2024, 2024, 2025, 2026]",2231.13
1811,"[2023, 2025, 2024, 2024, 2024]",3091.32
1812,"[2023, 2026, 2024, 2019, 2018]",3460.24
1813,"[2023, 2018, 2019, 2025, 2018]",2958.48
1814,"[2026, 2026, 2019, 2018, 2018]",3472.79
1815,"[2024, 2025, 2026, 2024, 2026]",2475.78
1816,"[2025, 2024, 2019, 2025, 2024]",2630.12
1817,"[2019, 2018, 2018, 2023, 2026]",2347.38
1818,"[2025, 2025, 2026, 2023, 2018]",2799.89
1819,"[2019, 2026, 2024, 2024, 2026]",2618.32
1820,"[2019, 2025, 2019, 2018, 2025]",2130.3
1821,"[2024, 2023, 2025, 2024, 2024]",3065.15
1822,"[2019, 2026, 2023, 2025, 2025]",2662.09
1823,"[2023, 2026, 2023, 2018, 2025]",3094.21
1824,"[2024, 2018, 2018, 2019, 2025]",2231.51
1825,"[2018, 2019, 2019, 2023, 2023]",3742.57
1826,"[2026, 2019, 2026, 2024, 2026]",2910.69
1827,"[2025, 2025, 2026, 2025, 2023]",3651.0
1828,"[2018, 2024, 2025, 2018, 2024]",2676.43
1829,"[2018, 2018, 2018, 2024, 2025]",2173.85
1830,"[2019, 2024, 2018, 2019, 2024]",2749.85
1831,"[2019, 2024, 2023, 2026, 2026]",2614.92
1832,"[2026, 2024, 2024, 2026, 2018]",3323.92
1833,"[2026, 2018, 2026, 2025, 2026]",2832.84
1834,"[2018, 2025, 2019, 2023, 2018]",2641.84
1835,"[2025, 2024, 2026, 2018, 2025]",2347.01
1836,"[2025, 2026, 2019, 2018, 2024]",2947.99
1837,"[2023, 2026, 2019, 2025, 2023]",4655.0
1838,"[2024, 2025, 2018, 2023, 2019]",2655.69
1839,"[2025, 2019, 2026, 2019, 2025]",2304.2
1840,"[2024, 2025, 2024, 2026, 2018]",2768.33
1841,"[2024, 2024, 2025, 2024, 2026]",2340.2
1842,"[2023, 2024, 2018, 2026, 2019]",3120.33
1843,"[2024, 2023, 2024, 2023, 2026]",2761.33
1844,"[2026, 2024, 2024, 2018, 2025]",2658.61
1845,"[2024, 2019, 2019, 2024, 2026]",2342.01
1846,"[2025, 2018, 2024, 2024, 2024]",2649.62
1847,"[2025, 2025, 2025, 2018, 2019]",2338.24
1848,"[2019, 2024, 2023, 2026, 2025]",2537.63
1849,"[2025, 2025, 2019, 2025, 2023]",3342.99
1850,"[2018, 2024, 2024, 2019, 2025]",2255.66
1851,"[2024, 2023, 2026, 2024, 2025]",2765.86
1852,"[2026, 2026, 2023, 2023, 2019]",3856.68
1853,"[2024, 2026, 2018, 2018, 2024]",3124.72
1854,"[2026, 2026, 2025, 2025, 2024]",3478.53
1855,"[2019, 2018, 2026, 2024, 2018]",2859.25
1856,"[2023, 2019, 2019, 2019, 2024]",3112.55
1857,"[2024, 2026, 2024, 2024, 2026]",2686.61
1858,"[2025, 2023, 2026, 2019, 2024]",3178.52
1859,"[2026, 2019, 2025, 2026, 2025]",2629.57
1860,"[2018, 2018, 2024, 2019, 2019]",2553.69
1861,"[2023, 2018, 2023, 2019, 2025]",2723.61
1862,"[2023, 2018, 2026, 2025, 2019]",3142.9
1863,"[2026, 2026, 2019, 2018, 2023]",4804.19
1864,"[2018, 2024, 2018, 2024, 2023]",3664.25
1865,"[2025, 2024, 2025, 2025, 2024]",2575.99
1866,"[2019, 2025, 2018, 2018, 2018]",2529.2
1867,"[2023, 2019, 2018, 2025, 2018]",2965.04
1868,"[2024, 2018, 2026, 2023, 2024]",3148.82
1869,"[2023, 2019, 2023, 2018, 2023]",4485.16
1870,"[2025, 2018, 2019, 2018, 2025]",2100.47
1871,"[2018, 2023, 2023, 2023, 2018]",3293.88
1872,"[2025, 2026, 2023, 2019, 2026]",2677.02
1873,"[2024, 2025, 2019, 2024, 2025]",2207.51
1874,"[2019, 2019, 2019, 2023, 2025]",2302.87
1875,"[2026, 2023, 2019, 2024, 2024]",3578.41
1876,"[2023, 2026, 2023, 2026, 2018]",3865.39
1877,"[2018, 2023, 2023, 2025, 2026]",2688.54
1878,"[2025, 2024, 2024, 2024, 2026]",2276.89
1879,"[2023, 2019, 2018, 2025, 2024]",3062.57
1880,"[2024, 2018, 2026, 2023, 2023]",4203.49
1881,"[2019, 2024, 2024, 2025, 2023]",3694.66
1882,"[2023, 2026, 2019, 2025, 2025]",2821.74
1883,"[2019, 2026, 2025, 2026, 2026]",2617.73
1884,"[2018, 2025, 2018, 2019, 2018]",2512.52
1885,"[2018, 2024, 2018, 2018, 2025]",2210.47
1886,"[2024, 2019, 2023, 2023, 2025]",2561.74
1887,"[2026, 2018, 2026, 2019, 2024]",3437.65
1888,"[2019, 2026, 2024, 2018, 2023]",4146.91
1889,"[2023, 2023, 2023, 2023, 2018]",3820.38
1890,"[2025, 2024, 2026, 2023, 2026]",2540.21
1891,"[2023, 2019, 2026, 2023, 2019]",3353.83
1892,"[2024, 2023, 2024, 2025, 2019]",2938.69
1893,"[2024, 2019, 2018, 2018, 2025]",2241.6
1894,"[2024, 2025, 2026, 2024, 2024]",2963.87
1895,"[2026, 2019, 2025, 2023, 2019]",3072.14
1896,"[2024, 2025, 2026, 2025, 2025]",2353.24
1897,"[2025, 2024, 2023, 2025, 2023]",3802.58
1898,"[2018, 2019, 2025, 2025, 2025]",2107.57
1899,"[2024, 2026, 2024, 2026, 2026]",2783.3
1900,"[2026, 2019, 2023, 2025, 2024]",3399.27
1901,"[2018, 2023, 2026, 2023, 2026]",2863.1
1902,"[2026, 2019, 2023, 2023, 2018]",3487.27
1903,"[2024, 2018, 2019, 2026, 2026]",2410.07
1904,"[2019, 2025, 2025, 2018, 2024]",2569.68
1905,"[2026, 2019, 2019, 2018, 2019]",2989.15
1906,"[2019, 2023, 2024, 2025, 2025]",2462.88
1907,"[2023, 2023, 2025, 2023, 2023]",4751.81
1908,"[2025, 2026, 2018, 2019, 2024]",2941.1
1909,"[2023, 2018, 2025, 2024, 2024]",3053.03
1910,"[2019, 2025, 2023, 2026, 2025]",2415.36
1911,"[2018, 2018, 2018, 2019, 2019]",2506.85
1912,"[2019, 2018, 2018, 2025, 2026]",2213.35
1913,"[2026, 2023, 2018, 2025, 2025]",2832.48
1914,"[2019, 2019, 2019, 2018, 2026]",2260.11
1915,"[2018, 2018, 2024, 2025, 2024]",2672.06
1916,"[2019, 2025, 2023, 2018, 2023]",3791.06
1917,"[2019, 2024, 2025, 2023, 2026]",2370.64
1918,"[2026, 2025, 2024, 2026, 2026]",2727.34
1919,"[2024, 2025, 2024, 2026, 2018]",2768.33
1920,"[2025, 2026, 2023, 2019, 2019]",3023.67
1921,"[2025, 2023, 2026, 2019, 2023]",4247.76
1922,"[2024, 2024, 2025, 2019, 2025]",2253.06
1923,"[2024, 2024, 2024, 2018, 2023]",3826.63
1924,"[2019, 2025, 2018, 2019, 2024]",2617.57
1925,"[2025, 2025, 2018, 2023, 2025]",2146.21
1926,"[2019, 2019, 2018, 2018, 2026]",2250.77
1927,"[2019, 2025, 2018, 2024, 2018]",2554.32
1928,"[2018, 2023, 2018, 2023, 2019]",2953.36
1929,"[2026, 2026, 2023, 2026, 2026]",3402.09
1930,"[2018, 2018, 2024, 2018, 2018]",2612.95
1931,"[2024, 2018, 2018, 2019, 2025]",2231.51
1932,"[2023, 2026, 2019, 2018, 2019]",3319.8
1933,"[2024, 2024, 2019, 2023, 2024]",2966.42
1934,"[2026, 2023, 2023, 2024, 2023]",5176.36
1935,"[2025, 2026, 2025, 2025, 2019]",2696.87
1936,"[2023, 2024, 2024, 2019, 2025]",2617.06
1937,"[2023, 2018, 2018, 2018, 2018]",2975.57
1938,"[2018, 2024, 2025, 2024, 2019]",2552.46
1939,"[2024, 2026, 2025, 2023, 2023]",4307.5
1940,"[2026, 2025, 2025, 2025, 2026]",2488.72
1941,"[2024, 2019, 2024, 2019, 2026]",2356.83
1942,"[2023, 2024, 2023, 2018, 2023]",4576.67
1943,"[2023, 2019, 2026, 2025, 2018]",3243.97
1944,"[2024, 2019, 2026, 2019, 2024]",3026.82
1945,"[2018, 2018, 2023, 2023, 2025]",2459.47
1946,"[2018, 2019, 2018, 2023, 2019]",2641.75
1947,"[2024, 2023, 2026, 2024, 2018]",3301.26
1948,"[2025, 2018, 2026, 2026, 2025]",2390.64
1949,"[2019, 2026, 2019, 2018, 2024]",3058.48
1950,"[2026, 2018, 2026, 2018, 2024]",3430.79
1951,"[2018, 2023, 2018, 2019, 2024]",2986.77
1952,"[2026, 2019, 2019, 2024, 2024]",3198.37
1953,"[2026, 2025, 2019, 2026, 2019]",3039.94
1954,"[2025, 2023, 2024, 2018, 2018]",2858.62
1955,"[2024, 2019, 2019, 2023, 2024]",2907.04
1956,"[2018, 2024, 2018, 2023, 2019]",2695.67
1957,"[2023, 2018, 2023, 2023, 2024]",3506.57
1958,"[2019, 2026, 2019, 2019, 2018]",2966.14
1959,"[2025, 2023, 2024, 2023, 2018]",2998.6
1960,"[2024, 2023, 2025, 2025, 2019]",2837.38
1961,"[2026, 2024, 2026, 2024, 2025]",2881.74
1962,"[2026, 2025, 2023, 2023, 2019]",3303.57
1963,"[2023, 2025, 2025, 2019, 2018]",2866.98
1964,"[2026, 2023, 2023, 2023, 2023]",5371.09
1965,"[2024, 2025, 2026, 2024, 2018]",2868.66
1966,"[2018, 2024, 2023, 2023, 2024]",3105.25
1967,"[2023, 2018, 2023, 2019, 2024]",3350.41
1968,"[2024, 2018, 2025, 2023, 2018]",2739.14
1969,"[2024, 2023, 2026, 2023, 2026]",2963.34
1970,"[2026, 2024, 2019, 2023, 2025]",2752.09
1971,"[2023, 2019, 2026, 2023, 2019]",3353.83
1972,"[2018, 2023, 2018, 2026, 2025]",2532.91
1973,"[2026, 2018, 2023, 2023, 2025]",2906.38
1974,"[2018, 2025, 2023, 2018, 2025]",2290.56
1975,"[2026, 2019, 2023, 2025, 2024]",3399.27
1976,"[2018, 2023, 2019, 2026, 2019]",2959.64
1977,"[2023, 2025, 2018, 2026, 2023]",4202.8
1978,"[2018, 2025, 2025, 2026, 2024]",2668.38
1979,"[2018, 2023, 2026, 2025, 2024]",3229.8
1980,"[2025, 2019, 2023, 2026, 2026]",2469.67
1981,"[2026, 2023, 2026, 2026, 2025]",3273.75
1982,"[2024, 2025, 2019, 2026, 2019]",2661.36
1983,"[2023, 2023, 2026, 2019, 2019]",3579.09
1984,"[2026, 2024, 2026, 2026, 2024]",3693.59
1985,"[2026, 2026, 2025, 2024, 2019]",3348.64
1986,"[2018, 2026, 2024, 2026, 2025]",2608.89
1987,"[2024, 2026, 2019, 2019, 2026]",2626.73
1988,"[2024, 2018, 2025, 2025, 2024]",2670.24
1989,"[2019, 2023, 2023, 2018, 2024]",3271.92
1990,"[2024, 2019, 2024, 2025, 2023]",3715.16
1991,"[2019, 2018, 2018, 2023, 2023]",3733.53
1992,"[2018, 2023, 2025, 2023, 2024]",3075.52
1993,"[2026, 2023, 2025, 2024, 2019]",3308.32
1994,"[2026, 2025, 2019, 2025, 2025]",2466.41
1995,"[2026, 2019, 2019, 2025, 2025]",2540.44
1996,"[2023, 2018, 2025, 2018, 2019]",2854.94
1997,"[2025, 2018, 2026, 2023, 2019]",2792.65
1998,"[2018, 2018, 2019, 2018, 2026]",2226.84
1999,"[2023, 2026, 2018, 2018, 2026]",2926.73
2000,"[2023, 2025, 2018, 2023, 2026]",2639.5
2001,"[2024, 2018, 2026, 2024, 2024]",3031.05
2002,"[2026, 2018, 2024, 2025, 2026]",2639.45
2003,"[2018, 2026, 2023, 2018, 2025]",2667.34
2004,"[2019, 2026, 2023, 2024, 2023]",4473.25
2005,"[2018, 2024, 2019, 2018, 2026]",2286.78
2006,"[2026, 2026, 2024, 2024, 2025]",2977.22
2007,"[2024, 2018, 2019, 2025, 2018]",2639.3
2008,"[2023, 2026, 2026, 2023, 2018]",3896.02
2009,"[2024, 2023, 2026, 2023, 2026]",2963.34
2010,"[2024, 2025, 2019, 2026, 2019]",2661.36
2011,"[2019, 2026, 2024, 2019, 2026]",2597.24
2012,"[2025, 2018, 2018, 2025, 2023]",3402.64
2013,"[2023, 2024, 2024, 2019, 2024]",3221.66
2014,"[2019, 2024, 2026, 2018, 2024]",3004.15
2015,"[2025, 2024, 2024, 2019, 2023]",3602.77
2016,"[2025, 2026, 2025, 2026, 2019]",2853.63
2017,"[2026, 2026, 2018, 2023, 2019]",3539.55
2018,"[2018, 2018, 2025, 2026, 2019]",2576.22
2019,"[2025, 2024, 2019, 2023, 2025]",2264.56
2020,"[2018, 2018, 2024, 2023, 2023]",3770.75
2021,"[2025, 2018, 2018, 2023, 2026]",2262.1
2022,"[2024, 2024, 2024, 2019, 2026]",2404.98
2023,"[2019, 2019, 2024, 2024, 2026]",2315.4
2024,"[2019, 2019, 2026, 2024, 2023]",3974.24
2025,"[2026, 2023, 2019, 2026, 2018]",3591.85
2026,"[2026, 2026, 2026, 2024, 2019]",3731.03
2027,"[2024, 2018, 2024, 2018, 2018]",2704.25
2028,"[2023, 2023, 2026, 2023, 2023]",5296.43
2029,"[2023, 2024, 2024, 2026, 2025]",2731.35
2030,"[2025, 2023, 2023, 2019, 2018]",3059.74
2031,"[2025, 2018, 2026, 2023, 2025]",2400.18
2032,"[2025, 2018, 2019, 2024, 2026]",2185.55
2033,"[2023, 2023, 2018, 2024, 2023]",4653.42
2034,"[2024, 2018, 2025, 2019, 2019]",2551.71
2035,"[2019, 2019, 2025, 2019, 2025]",2151.83
2036,"[2024, 2018, 2019, 2025, 2018]",2639.3
2037,"[2018, 2024, 2025, 2024, 2019]",2552.46
2038,"[2024, 2025, 2023, 2025, 2018]",2796.56
2039,"[2025, 2019, 2024, 2025, 2026]",2186.42
2040,"[2019, 2019, 2019, 2025, 2026]",2236.65
2041,"[2025, 2019, 2023, 2018, 2026]",2361.48
2042,"[2023, 2026, 2019, 2024, 2026]",2968.29
2043,"[2025, 2024, 2019, 2023, 2023]",3714.16
2044,"[2019, 2024, 2026, 2019, 2025]",2439.87
2045,"[2023, 2025, 2019, 2026, 2018]",3058.89
2046,"[2025, 2024, 2026, 2018, 2018]",2802.59
2047,"[2018, 2026, 2018, 2025, 2024]",2988.81
2048,"[2023, 2023, 2018, 2025, 2018]",3314.66
2049,"[2024, 2025, 2025, 2023, 2023]",3688.11
2050,"[2018, 2026, 2024, 2023, 2019]",3047.23
2051,"[2025, 2026, 2023, 2019, 2024]",3203.04
2052,"[2025, 2025, 2024, 2018, 2018]",2483.22
2053,"[2019, 2018, 2018, 2025, 2023]",3529.84
2054,"[2018, 2025, 2019, 2025, 2018]",2493.18
2055,"[2024, 2023, 2026, 2025, 2024]",3343.13
2056,"[2024, 2026, 2024, 2018, 2024]",3183.78
2057,"[2023, 2019, 2025, 2018, 2025]",2471.27
2058,"[2018, 2019, 2024, 2024, 2023]",3658.81
2059,"[2023, 2023, 2023, 2025, 2024]",3724.87
2060,"[2026, 2019, 2018, 2023, 2024]",3308.2
2061,"[2019, 2019, 2025, 2025, 2024]",2619.29
2062,"[2024, 2024, 2019, 2024, 2023]",3810.16
2063,"[2019, 2023, 2018, 2025, 2025]",2418.01
2064,"[2023, 2019, 2025, 2025, 2018]",2916.4
2065,"[2026, 2018, 2026, 2024, 2025]",2805.41
2066,"[2026, 2019, 2023, 2023, 2024]",3601.98
2067,"[2024, 2019, 2023, 2019, 2025]",2445.02
2068,"[2023, 2025, 2026, 2024, 2025]",2693.14
2069,"[2023, 2024, 2019, 2024, 2026]",2679.34
2070,"[2026, 2023, 2024, 2018, 2026]",3004.99
2071,"[2023, 2019, 2023, 2025, 2023]",4443.57
2072,"[2018, 2018, 2024, 2018, 2026]",2258.9
2073,"[2019, 2024, 2024, 2026, 2018]",2834.22
2074,"[2019, 2018, 2025, 2018, 2025]",2134.42
2075,"[2023, 2026, 2025, 2023, 2025]",2932.33
2076,"[2019, 2025, 2024, 2019, 2023]",3558.46
2077,"[2023, 2018, 2024, 2018, 2024]",3130.61
2078,"[2026, 2019, 2023, 2018, 2025]",2785.91
2079,"[2026, 2026, 2024, 2019, 2026]",3044.1
2080,"[2023, 2019, 2024, 2026, 2023]",4407.26
2081,"[2023, 2019, 2026, 2018, 2023]",4523.05
2082,"[2025, 2024, 2026, 2026, 2019]",2862.29
2083,"[2025, 2023, 2023, 2025, 2024]",3122.73
2084,"[2018, 2026, 2026, 2019, 2019]",3126.1
2085,"[2025, 2025, 2025, 2025, 2018]",2373.39
2086,"[2025, 2019, 2025, 2023, 2018]",2589.61
2087,"[2019, 2026, 2024, 2025, 2024]",3071.86
2088,"[2025, 2018, 2025, 2019, 2025]",2060.44
2089,"[2026, 2026, 2018, 2018, 2024]",3573.12
2090,"[2025, 2024, 2023, 2018, 2019]",2718.87
2091,"[2023, 2018, 2024, 2018, 2018]",3031.17
2092,"[2023, 2023, 2026, 2025, 2019]",3536.06
2093,"[2018, 2024, 2025, 2018, 2018]",2591.15
2094,"[2019, 2019, 2018, 2025, 2025]",2161.78
2095,"[2023, 2026, 2018, 2019, 2019]",3312.08
2096,"[2025, 2019, 2026, 2019, 2025]",2304.2
2097,"[2018, 2025, 2023, 2018, 2019]",2662.28
2098,"[2023, 2026, 2025, 2019, 2023]",4613.27
2099,"[2025, 2026, 2023, 2019, 2026]",2677.02
2100,"[2019, 2025, 2024, 2025, 2024]",2635.05
2101,"[2024, 2024, 2025, 2019, 2018]",2686.91
2102,"[2023, 2025, 2019, 2026, 2018]",3058.89
2103,"[2019, 2023, 2025, 2023, 2023]",4133.97
2104,"[2024, 2018, 2026, 2024, 2025]",2457.54
2105,"[2026, 2024, 2023, 2026, 2025]",2973.72
2106,"[2023, 2023, 2018, 2018, 2019]",3265.93
2107,"[2025, 2018, 2025, 2024, 2018]",2476.8
2108,"[2018, 2018, 2018, 2025, 2024]",2622.97
2109,"[2026, 2026, 2026, 2019, 2019]",3700.86
2110,"[2018, 2026, 2024, 2025, 2025]",2467.68
2111,"[2023, 2025, 2018, 2023, 2026]",2639.5
2112,"[2026, 2018, 2024, 2026, 2023]",4473.9
2113,"[2024, 2025, 2024, 2023, 2026]",2398.25
2114,"[2025, 2023, 2019, 2018, 2019]",2748.85
2115,"[2019, 2026, 2026, 2024, 2025]",2726.85
2116,"[2025, 2025, 2025, 2026, 2019]",2448.2
2117,"[2019, 2025, 2024, 2024, 2023]",3586.3
2118,"[2026, 2018, 2018, 2019, 2023]",4193.35
2119,"[2025, 2019, 2023, 2024, 2018]",2758.54
2120,"[2026, 2018, 2018, 2024, 2019]",2986.62
2121,"[2018, 2025, 2026, 2023, 2025]",2413.92
2122,"[2025, 2026, 2023, 2019, 2018]",3100.43
2123,"[2023, 2025, 2024, 2026, 2023]",4282.3
2124,"[2018, 2018, 2023, 2018, 2018]",2791.29
2125,"[2018, 2019, 2024, 2023, 2018]",2758.79
2126,"[2026, 2025, 2019, 2023, 2023]",4308.97
2127,"[2024, 2023, 2024, 2019, 2018]",3049.12
2128,"[2025, 2018, 2018, 2018, 2023]",3434.56
2129,"[2024, 2019, 2024, 2025, 2019]",2628.23
2130,"[2026, 2024, 2024, 2018, 2019]",3094.93
2131,"[2026, 2019, 2026, 2025, 2019]",3225.3
2132,"[2019, 2026, 2023, 2024, 2019]",3162.09
2133,"[2023, 2024, 2026, 2019, 2026]",2892.3
2134,"[2025, 2019, 2018, 2019, 2018]",2514.44
2135,"[2018, 2019, 2025, 2026, 2026]",2295.3
2136,"[2025, 2023, 2026, 2019, 2025]",2576.98
2137,"[2024, 2025, 2019, 2018, 2019]",2542.08
2138,"[2018, 2018, 2026, 2018, 2023]",3873.91
2139,"[2024, 2026, 2026, 2019, 2023]",4593.02
2140,"[2023, 2019, 2025, 2019, 2023]",4067.06
2141,"[2018, 2019, 2024, 2018, 2024]",2716.39
2142,"[2019, 2023, 2024, 2025, 2026]",2537.56
2143,"[2023, 2025, 2025, 2019, 2023]",3951.54
2144,"[2023, 2018, 2018, 2026, 2025]",2611.23
2145,"[2019, 2026, 2018, 2026, 2018]",3087.34
2146,"[2026, 2024, 2019, 2019, 2024]",3238.26
2147,"[2024, 2018, 2018, 2018, 2019]",2589.36
2148,"[2024, 2023, 2019, 2019, 2019]",2932.06
2149,"[2024, 2025, 2024, 2026, 2023]",3822.27
2150,"[2023, 2023, 2019, 2025, 2019]",3246.92
2151,"[2018, 2025, 2018, 2026, 2026]",2266.92
2152,"[2024, 2018, 2018, 2026, 2024]",2871.2
2153,"[2023, 2025, 2023, 2024, 2026]",2764.72
2154,"[2018, 2023, 2019, 2019, 2025]",2437.08
2155,"[2024, 2019, 2024, 2026, 2018]",2849.93
2156,"[2018, 2024, 2023, 2023, 2023]",4135.09
2157,"[2019, 2024, 2023, 2023, 2018]",3033.29
2158,"[2018, 2026, 2019, 2023, 2026]",2660.3
2159,"[2026, 2019, 2018, 2024, 2024]",3184.55
2160,"[2025, 2018, 2026, 2024, 2026]",2378.74
2161,"[2026, 2025, 2019, 2019, 2018]",2982.41
2162,"[2026, 2019, 2019, 2018, 2025]",2567.56
2163,"[2023, 2024, 2018, 2018, 2018]",3055.96
2164,"[2025, 2018, 2018, 2018, 2019]",2432.03
2165,"[2019, 2025, 2018, 2025, 2019]",2442.16
2166,"[2024, 2019, 2019, 2018, 2023]",3697.0
2167,"[2024, 2026, 2024, 2018, 2023]",4255.1
2168,"[2026, 2025, 2025, 2025, 2024]",2981.43
2169,"[2026, 2023, 2019, 2023, 2024]",3717.09
2170,"[2019, 2025, 2025, 2024, 2023]",3463.96
2171,"[2026, 2025, 2023, 2026, 2025]",2829.36
2172,"[2019, 2019, 2025, 2018, 2023]",3530.07
2173,"[2019, 2026, 2018, 2025, 2025]",2442.99
2174,"[2019, 2025, 2018, 2026, 2024]",2735.96
2175,"[2019, 2018, 2023, 2018, 2024]",2907.81
2176,"[2023, 2025, 2026, 2026, 2026]",2875.32
2177,"[2018, 2018, 2019, 2024, 2026]",2248.85
2178,"[2026, 2023, 2019, 2026, 2019]",3502.47
2179,"[2024, 2025, 2026, 2023, 2026]",2574.25
2180,"[2025, 2019, 2026, 2019, 2019]",2683.51
2181,"[2023, 2026, 2023, 2026, 2023]",5340.75
2182,"[2018, 2025, 2026, 2018, 2023]",3789.55
2183,"[2026, 2019, 2019, 2023, 2024]",3322.64
2184,"[2025, 2019, 2026, 2019, 2024]",2843.23
2185,"[2018, 2019, 2025, 2018, 2026]",2194.47
2186,"[2023, 2026, 2018, 2018, 2026]",2926.73
2187,"[2024, 2018, 2023, 2024, 2023]",4016.23
2188,"[2026, 2024, 2019, 2019, 2023]",4327.84
2189,"[2024, 2019, 2024, 2023, 2019]",2785.33
2190,"[2024, 2019, 2024, 2025, 2024]",2783.53
2191,"[2025, 2023, 2019, 2025, 2019]",2721.26
2192,"[2026, 2023, 2019, 2025, 2023]",4687.34
2193,"[2025, 2019, 2019, 2019, 2026]",2181.95
2194,"[2026, 2024, 2018, 2024, 2018]",3145.91
2195,"[2018, 2018, 2023, 2024, 2025]",2366.42
2196,"[2025, 2026, 2024, 2025, 2026]",2472.26
2197,"[2025, 2025, 2023, 2026, 2025]",2327.68
2198,"[2023, 2026, 2024, 2019, 2026]",2987.22
2199,"[2025, 2018, 2025, 2023, 2019]",2509.67
2200,"[2023, 2025, 2026, 2024, 2024]",3321.7
2201,"[2024, 2023, 2018, 2018, 2019]",2914.04
2202,"[2018, 2024, 2026, 2023, 2019]",2950.36
2203,"[2019, 2018, 2024, 2019, 2019]",2575.7
2204,"[2023, 2023, 2025, 2024, 2018]",3325.85
2205,"[2018, 2023, 2018, 2018, 2026]",2495.85
2206,"[2018, 2026, 2023, 2024, 2026]",2775.93
2207,"[2025, 2025, 2024, 2019, 2018]",2488.07
2208,"[2024, 2026, 2024, 2023, 2023]",4460.24
2209,"[2026, 2026, 2026, 2026, 2018]",3970.95
2210,"[2025, 2023, 2018, 2025, 2018]",2778.16
2211,"[2026, 2023, 2018, 2019, 2018]",3421.74
2212,"[2025, 2019, 2019, 2026, 2023]",3643.64
2213,"[2025, 2019, 2025, 2019, 2023]",3410.16
2214,"[2024, 2018, 2023, 2026, 2019]",2949.75
2215,"[2019, 2019, 2018, 2026, 2019]",2658.85
2216,"[2024, 2019, 2018, 2018, 2026]",2309.47
2217,"[2025, 2024, 2026, 2023, 2026]",2540.21
2218,"[2024, 2023, 2023, 2024, 2019]",3202.53
2219,"[2019, 2018, 2026, 2023, 2019]",2897.43
2220,"[2025, 2018, 2023, 2023, 2018]",2846.33
2221,"[2025, 2019, 2025, 2018, 2018]",2468.33
2222,"[2025, 2018, 2018, 2018, 2026]",2155.18
2223,"[2019, 2024, 2018, 2024, 2026]",2319.48
2224,"[2024, 2026, 2023, 2018, 2026]",2844.73
2225,"[2018, 2018, 2019, 2026, 2019]",2630.24
2226,"[2024, 2026, 2019, 2024, 2026]",2648.06
2227,"[2024, 2025, 2026, 2019, 2023]",3931.34
2228,"[2023, 2025, 2026, 2023, 2025]",2800.49
2229,"[2018, 2026, 2024, 2026, 2026]",2689.27
2230,"[2023, 2024, 2018, 2026, 2018]",3199.41
2231,"[2023, 2023, 2019, 2024, 2024]",3506.83
2232,"[2019, 2019, 2023, 2024, 2023]",3940.62
2233,"[2024, 2025, 2024, 2025, 2024]",2703.77
2234,"[2023, 2026, 2018, 2024, 2019]",3338.65
2235,"[2024, 2018, 2024, 2023, 2023]",3903.39
2236,"[2025, 2018, 2019, 2026, 2026]",2263.49
2237,"[2019, 2023, 2024, 2023, 2019]",3034.85
2238,"[2026, 2018, 2023, 2024, 2018]",3334.73
2239,"[2018, 2023, 2019, 2024, 2024]",3023.35
2240,"[2024, 2026, 2023, 2023, 2019]",3371.15
2241,"[2018, 2019, 2023, 2019, 2019]",2745.99
2242,"[2025, 2026, 2019, 2025, 2026]",2436.74
2243,"[2026, 2026, 2026, 2026, 2019]",3870.54
2244,"[2024, 2026, 2018, 2024, 2025]",2558.75
2245,"[2025, 2025, 2019, 2024, 2024]",2553.74
2246,"[2026, 2024, 2024, 2024, 2024]",3311.45
2247,"[2023, 2018, 2019, 2023, 2023]",4311.36
2248,"[2023, 2025, 2018, 2024, 2023]",4046.45
2249,"[2025, 2026, 2023, 2025, 2018]",3063.28
2250,"[2018, 2026, 2026, 2026, 2025]",2800.89
2251,"[2019, 2018, 2018, 2024, 2026]",2258.63
2252,"[2026, 2023, 2023, 2018, 2024]",3840.72
2253,"[2025, 2024, 2019, 2018, 2026]",2222.47
2254,"[2018, 2018, 2018, 2019, 2025]",2156.51
2255,"[2018, 2018, 2023, 2025, 2024]",2854.27
2256,"[2018, 2018, 2026, 2023, 2024]",3042.19
2257,"[2026, 2019, 2026, 2019, 2025]",2800.62
2258,"[2025, 2023, 2019, 2024, 2024]",2939.58
2259,"[2025, 2026, 2025, 2026, 2023]",4051.4
2260,"[2026, 2024, 2025, 2019, 2024]",3171.25
2261,"[2026, 2024, 2023, 2023, 2018]",3558.97
2262,"[2025, 2018, 2025, 2019, 2018]",2457.21
2263,"[2026, 2018, 2019, 2025, 2024]",3114.63
2264,"[2019, 2018, 2023, 2019, 2019]",2751.79
2265,"[2025, 2026, 2018, 2026, 2018]",2975.83
2266,"[2025, 2026, 2018, 2019, 2024]",2941.1
2267,"[2026, 2019, 2025, 2024, 2019]",2956.35
2268,"[2023, 2026, 2019, 2026, 2018]",3565.39
2269,"[2019, 2023, 2024, 2019, 2018]",2971.61
2270,"[2024, 2025, 2018, 2019, 2019]",2536.2
2271,"[2024, 2026, 2024, 2023, 2025]",2710.83
2272,"[2019, 2019, 2025, 2023, 2018]",2686.92
2273,"[2023, 2023, 2025, 2026, 2018]",3447.85
2274,"[2019, 2019, 2023, 2018, 2024]",2926.97
2275,"[2024, 2023, 2023, 2024, 2023]",4518.0
2276,"[2019, 2023, 2025, 2024, 2024]",2987.23
2277,"[2026, 2025, 2018, 2024, 2026]",2583.93
2278,"[2019, 2025, 2023, 2018, 2024]",2843.3
2279,"[2023, 2026, 2023, 2023, 2023]",5335.08
2280,"[2019, 2019, 2026, 2026, 2019]",2910.19
2281,"[2023, 2026, 2023, 2025, 2025]",3061.68
2282,"[2019, 2023, 2019, 2025, 2026]",2501.55
2283,"[2025, 2024, 2025, 2025, 2025]",2089.88
2284,"[2026, 2026, 2019, 2026, 2019]",3547.21
2285,"[2024, 2024, 2023, 2023, 2025]",2614.08
2286,"[2018, 2026, 2024, 2019, 2019]",2909.17
2287,"[2019, 2026, 2023, 2018, 2018]",3210.23
2288,"[2018, 2018, 2026, 2024, 2019]",2764.4
2289,"[2023, 2024, 2025, 2019, 2025]",2526.25
2290,"[2025, 2018, 2019, 2023, 2024]",2712.82
2291,"[2024, 2019, 2026, 2025, 2026]",2497.37
2292,"[2023, 2026, 2023, 2018, 2024]",3812.93
2293,"[2025, 2024, 2018, 2026, 2026]",2314.91
2294,"[2019, 2019, 2026, 2023, 2023]",4124.45
2295,"[2026, 2019, 2023, 2024, 2019]",3273.86
2296,"[2023, 2023, 2023, 2025, 2023]",4964.65
2297,"[2018, 2026, 2024, 2026, 2025]",2608.89
2298,"[2019, 2018, 2024, 2019, 2023]",3638.04
2299,"[2019, 2025, 2025, 2019, 2019]",2431.02
2300,"[2023, 2024, 2019, 2023, 2025]",2703.23
2301,"[2023, 2018, 2018, 2025, 2019]",2873.52
2302,"[2018, 2018, 2026, 2025, 2026]",2397.76
2303,"[2023, 2019, 2025, 2024, 2019]",2901.87
2304,"[2024, 2025, 2018, 2026, 2019]",2649.98
2305,"[2025, 2026, 2019, 2024, 2025]",2413.28
2306,"[2026, 2025, 2019, 2025, 2018]",2946.56
2307,"[2018, 2025, 2023, 2019, 2019]",2667.42
2308,"[2025, 2019, 2023, 2019, 2026]",2365.83
2309,"[2025, 2019, 2019, 2018, 2018]",2520.27
2310,"[2023, 2024, 2024, 2025, 2019]",3006.18
2311,"[2026, 2023, 2023, 2025, 2019]",3590.1
2312,"[2025, 2025, 2023, 2023, 2024]",2874.31
2313,"[2024, 2023, 2018, 2018, 2019]",2914.04
2314,"[2023, 2024, 2019, 2025, 2023]",4187.35
2315,"[2026, 2026, 2023, 2019, 2025]",3159.93
2316,"[2019, 2019, 2018, 2026, 2018]",2726.34
2317,"[2025, 2026, 2018, 2025, 2018]",2812.44
2318,"[2024, 2024, 2024, 2024, 2019]",2736.03
2319,"[2019, 2024, 2025, 2026, 2018]",2736.65
2320,"[2026, 2024, 2019, 2026, 2019]",3194.73
2321,"[2025, 2024, 2024, 2026, 2023]",3771.45
2322,"[2023, 2018, 2023, 2026, 2025]",2842.1
2323,"[2025, 2018, 2018, 2025, 2018]",2468.44
2324,"[2023, 2025, 2025, 2019, 2019]",2796.35
2325,"[2026, 2023, 2025, 2023, 2026]",3045.14
2326,"[2026, 2019, 2025, 2025, 2018]",2971.29
2327,"[2019, 2026, 2018, 2019, 2025]",2473.6
2328,"[2019, 2024, 2026, 2026, 2019]",2969.63
2329,"[2018, 2019, 2018, 2024, 2018]",2607.23
2330,"[2025, 2026, 2019, 2024, 2018]",2881.88
2331,"[2026, 2018, 2023, 2023, 2018]",3464.26
2332,"[2026, 2019, 2019, 2023, 2025]",2696.54
2333,"[2023, 2025, 2024, 2023, 2026]",2688.73
2334,"[2019, 2024, 2026, 2019, 2018]",2913.46
2335,"[2019, 2018, 2026, 2026, 2019]",2891.15
2336,"[2024, 2025, 2024, 2019, 2024]",2736.25
2337,"[2024, 2024, 2019, 2019, 2019]",2675.86
2338,"[2018, 2023, 2019, 2018, 2024]",2993.68
2339,"[2018, 2018, 2019, 2023, 2019]",2635.9
2340,"[2025, 2019, 2018, 2025, 2019]",2423.19
2341,"[2018, 2018, 2026, 2025, 2026]",2397.76
2342,"[2019, 2026, 2025, 2026, 2019]",2960.65
2343,"[2026, 2019, 2019, 2025, 2023]",4192.07
2344,"[2026, 2026, 2019, 2018, 2024]",3588.71
2345,"[2026, 2026, 2025, 2023, 2024]",3688.46
2346,"[2019, 2026, 2019, 2026, 2026]",2673.66
2347,"[2018, 2026, 2026, 2018, 2026]",2759.04
2348,"[2018, 2018, 2019, 2019, 2019]",2517.5
2349,"[2025, 2023, 2026, 2025, 2018]",3039.63
2350,"[2025, 2018, 2026, 2023, 2018]",2863.37
2351,"[2023, 2024, 2023, 2025, 2025]",2762.84
2352,"[2024, 2019, 2026, 2026, 2023]",4236.57
2353,"[2019, 2026, 2019, 2025, 2024]",3027.94
2354,"[2026, 2026, 2025, 2024, 2025]",2871.98
2355,"[2024, 2026, 2018, 2024, 2025]",2558.75
2356,"[2026, 2023, 2025, 2018, 2019]",3275.61
2357,"[2024, 2019, 2018, 2024, 2018]",2698.33
2358,"[2019, 2026, 2026, 2018, 2018]",3227.95
2359,"[2025, 2023, 2019, 2023, 2026]",2556.87
2360,"[2018, 2018, 2024, 2018, 2025]",2192.59
2361,"[2024, 2019, 2024, 2025, 2025]",2259.42
2362,"[2019, 2023, 2024, 2023, 2019]",3034.85
2363,"[2024, 2026, 2018, 2026, 2023]",4381.59
2364,"[2023, 2026, 2024, 2024, 2024]",3603.46
2365,"[2019, 2024, 2023, 2025, 2026]",2474.6
2366,"[2025, 2025, 2026, 2024, 2019]",2627.62
2367,"[2023, 2026, 2025, 2019, 2019]",3257.19
2368,"[2018, 2019, 2024, 2025, 2025]",2183.45
2369,"[2025, 2019, 2026, 2025, 2023]",3757.68
2370,"[2026, 2025, 2023, 2025, 2018]",3195.51
2371,"[2019, 2018, 2019, 2025, 2018]",2572.22
2372,"[2018, 2025, 2024, 2026, 2023]",3692.42
2373,"[2018, 2019, 2023, 2024, 2025]",2381.63
2374,"[2018, 2023, 2026, 2025, 2026]",2698.31
2375,"[2018, 2024, 2023, 2019, 2019]",2802.05
2376,"[2018, 2026, 2023, 2026, 2026]",2875.41
2377,"[2024, 2026, 2018, 2019, 2025]",2538.11
2378,"[2026, 2026, 2023, 2025, 2019]",3636.83
2379,"[2023, 2018, 2019, 2023, 2025]",2632.41
2380,"[2025, 2026, 2018, 2026, 2018]",2975.83
2381,"[2019, 2023, 2019, 2026, 2024]",3162.35
2382,"[2019, 2023, 2026, 2024, 2026]",2777.86
2383,"[2019, 2023, 2019, 2025, 2024]",2989.95
2384,"[2023, 2019, 2023, 2023, 2026]",2957.9
2385,"[2026, 2019, 2026, 2018, 2023]",4623.34
2386,"[2018, 2025, 2025, 2026, 2018]",2582.71
2387,"[2019, 2024, 2024, 2019, 2023]",3737.34
2388,"[2023, 2026, 2019, 2019, 2019]",3326.27
2389,"[2023, 2024, 2026, 2023, 2024]",3624.47
2390,"[2024, 2025, 2026, 2024, 2026]",2475.78
2391,"[2024, 2019, 2024, 2024, 2018]",2748.89
2392,"[2019, 2018, 2026, 2023, 2025]",2490.53
2393,"[2018, 2024, 2024, 2018, 2018]",2683.65
2394,"[2023, 2026, 2019, 2023, 2025]",2995.0
2395,"[2019, 2018, 2023, 2019, 2024]",2913.53
2396,"[2024, 2024, 2018, 2026, 2026]",2464.77
2397,"[2023, 2018, 2019, 2023, 2024]",3236.88
2398,"[2026, 2023, 2019, 2025, 2023]",4687.34
2399,"[2026, 2018, 2019, 2025, 2024]",3114.63
2400,"[2024, 2024, 2019, 2023, 2025]",2411.2
2401,"[2023, 2024, 2018, 2018, 2019]",2980.95
2402,"[2024, 2023, 2026, 2024, 2025]",2765.86
2403,"[2018, 2019, 2019, 2019, 2023]",3579.12
2404,"[2025, 2019, 2018, 2019, 2018]",2514.44
2405,"[2023, 2026, 2025, 2018, 2023]",4603.34
2406,"[2024, 2026, 2024, 2025, 2025]",2553.8
2407,"[2026, 2026, 2018, 2026, 2018]",3622.79
2408,"[2023, 2019, 2018, 2026, 2018]",3135.46
2409,"[2018, 2018, 2026, 2025, 2024]",2870.57
2410,"[2023, 2019, 2026, 2019, 2026]",2834.5
2411,"[2024, 2023, 2025, 2026, 2023]",4246.32
2412,"[2024, 2019, 2019, 2018, 2019]",2617.22
2413,"[2019, 2025, 2018, 2018, 2018]",2529.2
2414,"[2025, 2023, 2025, 2019, 2018]",2765.53
2415,"[2018, 2018, 2018, 2018, 2025]",2152.61
2416,"[2025, 2018, 2024, 2019, 2024]",2628.74
2417,"[2018, 2023, 2019, 2018, 2025]",2432.68
2418,"[2023, 2018, 2023, 2025, 2025]",2690.4
2419,"[2024, 2018, 2024, 2024, 2019]",2663.94
2420,"[2025, 2018, 2026, 2024, 2018]",2755.83
2421,"[2019, 2025, 2019, 2018, 2026]",2194.94
2422,"[2018, 2018, 2026, 2026, 2019]",2866.22
2423,"[2018, 2019, 2018, 2026, 2025]",2264.99
2424,"[2019, 2023, 2023, 2019, 2018]",3174.34
2425,"[2023, 2018, 2026, 2026, 2026]",2941.09
2426,"[2019, 2018, 2019, 2024, 2025]",2201.34
2427,"[2024, 2018, 2019, 2025, 2018]",2639.3
2428,"[2018, 2025, 2026, 2026, 2023]",3976.52
2429,"[2024, 2024, 2024, 2024, 2025]",2353.01
2430,"[2025, 2019, 2023, 2024, 2018]",2758.54
2431,"[2024, 2019, 2025, 2018, 2026]",2270.82
2432,"[2019, 2018, 2025, 2023, 2018]",2669.51
2433,"[2026, 2026, 2024, 2026, 2026]",3180.25
2434,"[2024, 2019, 2019, 2026, 2018]",2809.51
2435,"[2023, 2026, 2018, 2023, 2024]",3673.93
2436,"[2026, 2026, 2026, 2026, 2024]",4105.19
2437,"[2019, 2024, 2019, 2024, 2026]",2329.12
2438,"[2023, 2024, 2024, 2023, 2026]",2824.69
2439,"[2019, 2025, 2024, 2019, 2024]",2666.7
2440,"[2018, 2018, 2024, 2018, 2026]",2258.9
2441,"[2025, 2026, 2026, 2023, 2026]",2817.97
2442,"[2023, 2018, 2019, 2019, 2025]",2512.42
2443,"[2025, 2024, 2026, 2023, 2018]",2941.21
2444,"[2018, 2025, 2024, 2025, 2024]",2612.49
2445,"[2025, 2018, 2018, 2018, 2026]",2155.18
2446,"[2024, 2019, 2025, 2025, 2026]",2247.21
2447,"[2026, 2025, 2019, 2019, 2018]",2982.41
2448,"[2025, 2024, 2019, 2024, 2025]",2178.4
2449,"[2025, 2023, 2026, 2026, 2026]",2773.57
2450,"[2023, 2019, 2019, 2026, 2023]",4345.02
2451,"[2023, 2024, 2025, 2024, 2024]",3135.57
2452,"[2023, 2019, 2024, 2025, 2026]",2610.2
2453,"[2019, 2026, 2019, 2023, 2025]",2604.02
2454,"[2019, 2023, 2023, 2026, 2019]",3234.78
2455,"[2023, 2024, 2025, 2018, 2026]",2598.05
2456,"[2019, 2019, 2019, 2018, 2018]",2615.04
2457,"[2023, 2023, 2026, 2025, 2026]",3130.1
2458,"[2024, 2023, 2024, 2019, 2018]",3049.12
2459,"[2025, 2019, 2024, 2024, 2023]",3558.23
2460,"[2024, 2018, 2024, 2023, 2019]",2767.25
2461,"[2023, 2026, 2026, 2026, 2024]",4019.13
2462,"[2025, 2019, 2019, 2019, 2019]",2462.97
2463,"[2025, 2019, 2019, 2023, 2025]",2219.18
2464,"[2018, 2025, 2024, 2026, 2018]",2674.82
2465,"[2026, 2023, 2018, 2025, 2025]",2832.48
2466,"[2018, 2026, 2018, 2018, 2019]",2849.76
2467,"[2019, 2018, 2024, 2026, 2018]",2759.41
2468,"[2018, 2018, 2019, 2025, 2018]",2550.24
2469,"[2026, 2024, 2019, 2024, 2024]",3264.16
2470,"[2019, 2025, 2018, 2023, 2026]",2294.43
2471,"[2023, 2026, 2025, 2025, 2026]",2847.21
2472,"[2018, 2025, 2024, 2023, 2024]",2767.68
2473,"[2019, 2018, 2026, 2026, 2025]",2480.64
2474,"[2025, 2026, 2026, 2019, 2024]",3221.91
2475,"[2024, 2023, 2018, 2026, 2024]",3230.86
2476,"[2023, 2018, 2019, 2025, 2025]",2481.7
2477,"[2024, 2025, 2019, 2025, 2024]",2665.38
2478,"[2018, 2018, 2023, 2019, 2019]",2728.14
2479,"[2019, 2023, 2024, 2019, 2025]",2493.39
2480,"[2025, 2026, 2018, 2026, 2024]",3075.16
2481,"[2026, 2018, 2026, 2019, 2019]",3243.55
2482,"[2018, 2025, 2019, 2023, 2019]",2577.08
2483,"[2018, 2024, 2018, 2025, 2018]",2608.07
2484,"[2018, 2025, 2023, 2024, 2025]",2313.16
2485,"[2023, 2026, 2019, 2023, 2019]",3484.04
2486,"[2018, 2025, 2026, 2026, 2018]",2874.42
2487,"[2018, 2025, 2024, 2018, 2025]",2142.91
2488,"[2018, 2023, 2019, 2026, 2018]",3034.63
2489,"[2023, 2024, 2026, 2025, 2024]",3420.02
2490,"[2019, 2019, 2024, 2019, 2024]",2745.33
2491,"[2018, 2026, 2024, 2026, 2026]",2689.27
2492,"[2023, 2026, 2018, 2025, 2019]",3272.21
2493,"[2024, 2025, 2019, 2025, 2019]",2516.5
2494,"[2019, 2026, 2025, 2023, 2025]",2549.44
2495,"[2024, 2024, 2018, 2026, 2018]",2854.6
2496,"[2024, 2025, 2023, 2024, 2025]",2393.75
2497,"[2024, 2018, 2019, 2025, 2024]",2726.27
2498,"[2019, 2024, 2019, 2019, 2026]",2310.54
2499,"[2025, 2018, 2024, 2025, 2026]",2172.55
2500,"[2023, 2018, 2023, 2019, 2025]",2723.61
2501,"[2023, 2019, 2024, 2018, 2023]",4201.47
2502,"[2019, 2019, 2024, 2019, 2026]",2296.93
2503,"[2023, 2023, 2023, 2026, 2026]",3294.99
2504,"[2018, 2019, 2019, 2019, 2018]",2597.72
2505,"[2023, 2018, 2025, 2023, 2026]",2655.55
2506,"[2026, 2023, 2025, 2024, 2023]",4681.86
2507,"[2019, 2018, 2018, 2023, 2018]",2713.74
2508,"[2023, 2023, 2025, 2019, 2024]",3408.01
2509,"[2019, 2018, 2025, 2025, 2025]",2112.06
2510,"[2018, 2024, 2025, 2024, 2026]",2261.45
2511,"[2026, 2023, 2025, 2023, 2018]",3524.43
2512,"[2026, 2023, 2018, 2025, 2019]",3297.09
2513,"[2024, 2025, 2026, 2026, 2023]",4116.51
2514,"[2019, 2019, 2018, 2024, 2024]",2716.19
2515,"[2018, 2024, 2018, 2026, 2026]",2381.72
2516,"[2018, 2025, 2026, 2024, 2024]",2863.62
2517,"[2023, 2024, 2023, 2023, 2023]",4795.37
2518,"[2023, 2024, 2025, 2019, 2025]",2526.25
2519,"[2023, 2025, 2023, 2023, 2026]",2873.14
2520,"[2025, 2024, 2024, 2026, 2019]",2663.97
2521,"[2026, 2025, 2018, 2018, 2019]",2890.28
2522,"[2025, 2024, 2023, 2019, 2023]",3846.44
2523,"[2018, 2025, 2019, 2019, 2026]",2180.47
2524,"[2026, 2018, 2026, 2018, 2024]",3430.79
2525,"[2024, 2025, 2025, 2026, 2023]",3692.03
2526,"[2026, 2025, 2023, 2023, 2024]",3498.51
2527,"[2024, 2024, 2019, 2019, 2023]",3780.6
2528,"[2024, 2019, 2026, 2025, 2026]",2497.37
2529,"[2018, 2025, 2019, 2019, 2025]",2116.27
2530,"[2018, 2019, 2019, 2026, 2024]",2804.42
2531,"[2024, 2024, 2024, 2019, 2018]",2782.89
2532,"[2024, 2018, 2024, 2019, 2026]",2341.86
2533,"[2019, 2019, 2024, 2026, 2019]",2708.69
2534,"[2026, 2026, 2019, 2018, 2026]",2994.49
2535,"[2019, 2023, 2026, 2024, 2024]",3323.84
2536,"[2023, 2018, 2018, 2025, 2024]",3042.77
2537,"[2026, 2023, 2026, 2025, 2024]",3824.45
2538,"[2019, 2018, 2024, 2026, 2026]",2382.64
2539,"[2023, 2019, 2019, 2024, 2025]",2548.69
2540,"[2023, 2024, 2018, 2024, 2024]",3187.52
2541,"[2025, 2025, 2024, 2018, 2023]",3422.89
2542,"[2025, 2023, 2023, 2024, 2024]",3185.08
2543,"[2025, 2023, 2025, 2026, 2018]",2890.03
2544,"[2026, 2026, 2018, 2026, 2023]",5019.39
2545,"[2019, 2023, 2019, 2018, 2026]",2527.74
2546,"[2026, 2025, 2018, 2025, 2026]",2531.57
2547,"[2025, 2024, 2024, 2024, 2026]",2276.89
2548,"[2026, 2024, 2025, 2018, 2026]",2643.94
2549,"[2024, 2023, 2025, 2026, 2025]",2577.68
2550,"[2025, 2025, 2024, 2019, 2019]",2426.71
2551,"[2026, 2019, 2024, 2023, 2023]",4499.49
2552,"[2019, 2019, 2019, 2026, 2025]",2293.8
2553,"[2023, 2026, 2024, 2025, 2025]",2862.79
2554,"[2025, 2025, 2024, 2018, 2026]",2145.63
2555,"[2024, 2019, 2018, 2025, 2019]",2579.96
2556,"[2023, 2026, 2025, 2019, 2024]",3450.95
2557,"[2025, 2018, 2019, 2019, 2025]",2104.28
2558,"[2018, 2018, 2018, 2019, 2025]",2156.51
2559,"[2023, 2018, 2025, 2025, 2026]",2503.85
2560,"[2018, 2024, 2024, 2026, 2024]",2902.8
2561,"[2019, 2026, 2018, 2026, 2019]",3010.31
2562,"[2024, 2023, 2025, 2026, 2023]",4246.32
2563,"[2025, 2026, 2025, 2025, 2018]",2765.82
2564,"[2024, 2019, 2023, 2025, 2025]",2415.13
2565,"[2025, 2026, 2025, 2023, 2024]",3029.48
2566,"[2018, 2023, 2026, 2019, 2023]",4367.05
2567,"[2024, 2026, 2019, 2026, 2019]",3102.2
2568,"[2023, 2023, 2023, 2025, 2024]",3724.87
2569,"[2026, 2018, 2019, 2025, 2025]",2524.3
2570,"[2025, 2024, 2018, 2019, 2018]",2565.85
2571,"[2023, 2023, 2024, 2026, 2024]",3688.25
2572,"[2024, 2018, 2019, 2026, 2025]",2338.68
2573,"[2025, 2026, 2025, 2023, 2024]",3029.48
2574,"[2026, 2026, 2023, 2025, 2023]",5157.98
2575,"[2019, 2026, 2018, 2024, 2023]",4110.35
2576,"[2018, 2019, 2018, 2025, 2018]",2555.89
2577,"[2026, 2019, 2019, 2018, 2019]",2989.15
2578,"[2024, 2025, 2025, 2018, 2025]",2140.25
2579,"[2019, 2025, 2024, 2025, 2025]",2138.43
2580,"[2023, 2025, 2018, 2026, 2026]",2630.11
2581,"[2019, 2025, 2025, 2026, 2019]",2540.31
2582,"[2026, 2023, 2019, 2023, 2026]",3109.92
2583,"[2025, 2018, 2025, 2026, 2024]",2653.12
2584,"[2026, 2024, 2024, 2019, 2018]",3179.79
2585,"[2019, 2023, 2023, 2024, 2026]",2767.09
2586,"[2023, 2019, 2025, 2023, 2018]",3090.2
2587,"[2019, 2025, 2025, 2025, 2023]",3397.72
2588,"[2024, 2018, 2024, 2024, 2026]",2360.68
2589,"[2023, 2018, 2023, 2024, 2018]",3269.86
2590,"[2023, 2018, 2026, 2025, 2019]",3142.9
2591,"[2026, 2025, 2023, 2026, 2023]",4672.91
2592,"[2019, 2024, 2018, 2025, 2025]",2205.95
2593,"[2023, 2018, 2023, 2026, 2019]",3305.9
2594,"[2023, 2023, 2023, 2019, 2018]",3649.88
2595,"[2026, 2026, 2023, 2025, 2025]",3120.67
2596,"[2019, 2023, 2025, 2024, 2023]",3984.31
2597,"[2023, 2023, 2025, 2025, 2018]",3260.39
2598,"[2024, 2023, 2025, 2019, 2018]",2944.15
2599,"[2026, 2026, 2024, 2024, 2018]",3559.01
2600,"[2023, 2019, 2018, 2025, 2026]",2562.57
2601,"[2025, 2024, 2025, 2018, 2019]",2456.69
2602,"[2019, 2018, 2019, 2019, 2025]",2183.76
2603,"[2025, 2025, 2023, 2024, 2026]",2316.21
2604,"[2025, 2026, 2026, 2018, 2024]",3215.46
2605,"[2026, 2025, 2024, 2018, 2024]",3119.91
2606,"[2025, 2023, 2024, 2018, 2025]",2398.58
2607,"[2025, 2024, 2019, 2018, 2018]",2571.8
2608,"[2025, 2024, 2026, 2023, 2018]",2941.21
2609,"[2025, 2026, 2018, 2023, 2024]",3079.94
2610,"[2024, 2026, 2019, 2024, 2024]",3169.69
2611,"[2025, 2026, 2025, 2025, 2025]",2314.27
2612,"[2019, 2023, 2023, 2024, 2018]",3199.5
2613,"[2025, 2019, 2018, 2019, 2026]",2172.92
2614,"[2019, 2024, 2018, 2026, 2019]",2713.17
2615,"[2023, 2023, 2018, 2018, 2023]",4607.58
2616,"[2026, 2018, 2018, 2025, 2025]",2513.89
2617,"[2024, 2019, 2018, 2018, 2018]",2671.82
2618,"[2019, 2025, 2023, 2019, 2025]",2314.3
2619,"[2023, 2018, 2026, 2026, 2026]",2941.09
2620,"[2025, 2024, 2026, 2026, 2019]",2862.29
2621,"[2019, 2019, 2023, 2023, 2018]",2972.57
2622,"[2018, 2018, 2024, 2026, 2025]",2292.51
2623,"[2025, 2023, 2025, 2018, 2018]",2760.14
2624,"[2024, 2026, 2023, 2026, 2026]",2976.08
2625,"[2023, 2019, 2018, 2026, 2024]",3239.07
2626,"[2025, 2024, 2023, 2024, 2026]",2433.57
2627,"[2018, 2026, 2023, 2018, 2024]",3287.45
2628,"[2023, 2018, 2026, 2024, 2019]",3206.7
2629,"[2023, 2018, 2026, 2024, 2023]",4537.68
2630,"[2023, 2023, 2025, 2025, 2026]",2817.7
2631,"[2023, 2023, 2018, 2019, 2024]",3464.43
2632,"[2018, 2026, 2024, 2018, 2024]",3075.94
2633,"[2019, 2024, 2025, 2019, 2018]",2618.62
2634,"[2019, 2019, 2024, 2025, 2025]",2201.99
2635,"[2019, 2024, 2024, 2024, 2026]",2362.71
2636,"[2023, 2026, 2018, 2026, 2018]",3549.99
2637,"[2025, 2025, 2018, 2025, 2026]",2084.42
2638,"[2018, 2023, 2019, 2018, 2024]",2993.68
2639,"[2025, 2025, 2025, 2025, 2025]",1988.73
2640,"[2026, 2023, 2018, 2026, 2019]",3487.44
2641,"[2026, 2024, 2026, 2024, 2024]",3560.07
2642,"[2023, 2026, 2023, 2018, 2026]",3188.37
2643,"[2026, 2025, 2018, 2018, 2023]",4092.21
2644,"[2019, 2025, 2026, 2023, 2019]",2833.13
2645,"[2024, 2018, 2018, 2024, 2025]",2249.47
2646,"[2024, 2026, 2023, 2025, 2023]",4502.03
2647,"[2026, 2019, 2024, 2024, 2019]",3062.83
2648,"[2024, 2026, 2019, 2018, 2023]",4194.57
2649,"[2026, 2019, 2026, 2023, 2026]",3027.23
2650,"[2018, 2019, 2026, 2024, 2025]",2390.01
2651,"[2019, 2024, 2019, 2025, 2026]",2282.34
2652,"[2024, 2018, 2024, 2025, 2018]",2677.27
2653,"[2025, 2019, 2019, 2025, 2018]",2495.08
2654,"[2024, 2018, 2026, 2018, 2025]",2433.25
2655,"[2024, 2025, 2026, 2026, 2018]",2975.06
2656,"[2024, 2018, 2019, 2024, 2023]",3708.94
2657,"[2024, 2024, 2025, 2026, 2025]",2351.82
2658,"[2025, 2018, 2024, 2026, 2023]",3671.1
2659,"[2025, 2023, 2023, 2024, 2024]",3185.08
2660,"[2018, 2024, 2026, 2025, 2026]",2462.46
2661,"[2025, 2023, 2019, 2026, 2023]",4071.74
2662,"[2023, 2023, 2024, 2019, 2025]",2867.97
2663,"[2025, 2024, 2018, 2019, 2025]",2152.09
2664,"[2019, 2024, 2019, 2026, 2019]",2724.81
2665,"[2026, 2023, 2026, 2026, 2026]",3375.19
2666,"[2026, 2018, 2019, 2019, 2019]",2975.54
2667,"[2023, 2026, 2019, 2023, 2026]",3086.05
2668,"[2024, 2026, 2019, 2018, 2026]",2621.86
2669,"[2018, 2018, 2025, 2026, 2018]",2641.65
2670,"[2023, 2018, 2018, 2025, 2019]",2873.52
2671,"[2018, 2019, 2024, 2026, 2019]",2685.44
2672,"[2018, 2023, 2026, 2025, 2024]",3229.8
2673,"[2018, 2025, 2026, 2025, 2025]",2274.04
2674,"[2019, 2018, 2025, 2025, 2023]",3473.91
2675,"[2023, 2023, 2018, 2026, 2026]",3027.76
2676,"[2024, 2026, 2025, 2019, 2018]",2980.32
2677,"[2025, 2023, 2025, 2025, 2019]",2665.16
2678,"[2023, 2024, 2023, 2026, 2024]",3596.23
2679,"[2024, 2026, 2018, 2019, 2018]",3030.44
2680,"[2023, 2026, 2023, 2023, 2025]",3248.94
2681,"[2019, 2023, 2019, 2024, 2023]",4066.48
2682,"[2024, 2024, 2025, 2019, 2024]",2775.47
2683,"[2019, 2024, 2019, 2026, 2023]",3856.91
2684,"[2024, 2026, 2023, 2019, 2026]",2850.0
2685,"[2025, 2026, 2018, 2024, 2019]",2798.3
2686,"[2023, 2019, 2024, 2024, 2018]",3081.12
2687,"[2018, 2024, 2019, 2018, 2023]",3644.38
2688,"[2026, 2025, 2018, 2024, 2018]",2993.43
2689,"[2024, 2023, 2024, 2023, 2024]",3296.49
2690,"[2024, 2023, 2023, 2024, 2018]",3282.96
2691,"[2023, 2026, 2018, 2019, 2023]",4687.87
2692,"[2023, 2019, 2026, 2024, 2025]",2772.77
2693,"[2025, 2019, 2019, 2019, 2024]",2608.38
2694,"[2019, 2024, 2023, 2019, 2024]",2992.64
2695,"[2023, 2026, 2025, 2025, 2018]",3299.97
2696,"[2023, 2026, 2019, 2026, 2025]",2983.12
2697,"[2019, 2023, 2023, 2023, 2025]",2791.68
2698,"[2025, 2025, 2018, 2026, 2023]",3524.18
2699,"[2019, 2026, 2026, 2023, 2019]",3304.39
2700,"[2023, 2024, 2024, 2018, 2025]",2612.32
2701,"[2019, 2023, 2025, 2018, 2023]",3944.96
2702,"[2026, 2024, 2018, 2023, 2025]",2740.58
2703,"[2018, 2024, 2025, 2019, 2018]",2596.21
2704,"[2025, 2024, 2023, 2025, 2024]",2850.34
2705,"[2024, 2025, 2026, 2024, 2024]",2963.87
2706,"[2019, 2025, 2019, 2023, 2023]",3668.5
2707,"[2025, 2023, 2025, 2019, 2019]",2697.43
2708,"[2018, 2018, 2024, 2025, 2019]",2523.2
2709,"[2019, 2026, 2019, 2018, 2023]",4087.92
2710,"[2018, 2023, 2025, 2026, 2025]",2490.74
2711,"[2026, 2019, 2018, 2026, 2019]",3116.85
2712,"[2018, 2019, 2025, 2023, 2024]",2751.22
2713,"[2018, 2019, 2023, 2025, 2026]",2404.44
2714,"[2024, 2018, 2026, 2026, 2018]",3042.47
2715,"[2026, 2019, 2023, 2025, 2024]",3399.27
2716,"[2018, 2026, 2026, 2018, 2026]",2759.04
2717,"[2018, 2018, 2019, 2026, 2019]",2630.24
2718,"[2018, 2019, 2019, 2019, 2025]",2179.12
2719,"[2025, 2018, 2023, 2026, 2019]",2770.79
2720,"[2025, 2025, 2025, 2018, 2023]",3306.02
2721,"[2019, 2018, 2026, 2023, 2024]",3068.77
2722,"[2026, 2025, 2018, 2019, 2019]",2895.92
2723,"[2025, 2026, 2026, 2025, 2023]",4265.6
2724,"[2019, 2023, 2024, 2024, 2018]",2995.22
2725,"[2018, 2026, 2026, 2024, 2024]",3340.05
2726,"[2025, 2018, 2024, 2019, 2023]",3507.0
2727,"[2024, 2018, 2026, 2025, 2018]",2875.55
2728,"[2018, 2019, 2026, 2018, 2019]",2754.96
2729,"[2026, 2026, 2023, 2019, 2026]",3257.0
2730,"[2024, 2019, 2025, 2024, 2023]",3658.34
2731,"[2018, 2025, 2019, 2026, 2019]",2571.53
2732,"[2024, 2019, 2024, 2025, 2023]",3715.16
2733,"[2024, 2025, 2024, 2023, 2018]",2773.55
2734,"[2024, 2018, 2023, 2018, 2019]",2818.13
2735,"[2025, 2019, 2019, 2025, 2018]",2495.08
2736,"[2019, 2025, 2024, 2023, 2026]",2337.3
2737,"[2018, 2024, 2019, 2025, 2024]",2705.49
2738,"[2025, 2026, 2019, 2018, 2024]",2947.99
2739,"[2023, 2026, 2024, 2023, 2019]",3534.51
2740,"[2024, 2024, 2018, 2024, 2024]",2843.97
2741,"[2024, 2018, 2024, 2019, 2024]",2798.63
2742,"[2019, 2025, 2024, 2024, 2026]",2248.69
2743,"[2026, 2018, 2018, 2024, 2024]",3163.74
2744,"[2019, 2025, 2019, 2018, 2023]",3500.59
2745,"[2024, 2019, 2023, 2018, 2024]",3003.31
2746,"[2018, 2025, 2025, 2026, 2023]",3566.67
2747,"[2018, 2024, 2019, 2023, 2026]",2400.24
2748,"[2019, 2019, 2019, 2023, 2024]",2833.14
2749,"[2025, 2026, 2026, 2019, 2019]",3039.61
2750,"[2025, 2026, 2026, 2025, 2019]",3002.64
2751,"[2018, 2026, 2019, 2019, 2026]",2538.1
2752,"[2018, 2019, 2018, 2019, 2025]",2170.18
2753,"[2018, 2026, 2025, 2018, 2025]",2406.54
2754,"[2019, 2018, 2019, 2025, 2023]",3545.68
2755,"[2019, 2025, 2025, 2025, 2025]",2063.96
2756,"[2026, 2019, 2025, 2019, 2026]",2595.38
2757,"[2019, 2018, 2025, 2019, 2019]",2486.85
2758,"[2023, 2025, 2019, 2018, 2023]",4024.51
2759,"[2026, 2025, 2026, 2023, 2018]",3407.41
2760,"[2019, 2023, 2025, 2023, 2019]",2930.46
2761,"[2018, 2026, 2026, 2024, 2026]",2786.84
2762,"[2025, 2018, 2025, 2018, 2024]",2533.18
2763,"[2024, 2025, 2023, 2018, 2024]",2917.46
2764,"[2024, 2023, 2018, 2024, 2019]",2942.88
2765,"[2018, 2025, 2023, 2026, 2018]",2857.36
2766,"[2025, 2025, 2019, 2023, 2019]",2505.1
2767,"[2019, 2025, 2024, 2026, 2025]",2259.85
2768,"[2023, 2026, 2018, 2024, 2024]",3536.69
2769,"[2023, 2023, 2025, 2018, 2018]",3293.22
2770,"[2024, 2024, 2018, 2025, 2026]",2332.21
2771,"[2024, 2025, 2025, 2018, 2026]",2205.29
2772,"[2024, 2018, 2018, 2024, 2018]",2680.89
2773,"[2018, 2026, 2024, 2026, 2024]",3222.42
2774,"[2025, 2026, 2019, 2018, 2023]",3940.92
2775,"[2023, 2026, 2023, 2019, 2026]",3194.26
2776,"[2019, 2023, 2019, 2024, 2026]",2552.71
2777,"[2018, 2019, 2019, 2025, 2018]",2566.79
2778,"[2025, 2026, 2023, 2025, 2025]",2565.65
2779,"[2019, 2025, 2019, 2018, 2026]",2194.94
2780,"[2019, 2023, 2018, 2019, 2025]",2447.94
2781,"[2018, 2023, 2023, 2025, 2018]",3109.47
2782,"[2026, 2023, 2023, 2026, 2018]",3893.47
2783,"[2026, 2019, 2019, 2018, 2019]",2989.15
2784,"[2019, 2026, 2026, 2024, 2026]",2811.03
2785,"[2019, 2025, 2025, 2023, 2023]",3594.35
2786,"[2024, 2024, 2024, 2026, 2024]",3004.45
2787,"[2019, 2023, 2024, 2018, 2024]",3063.18
2788,"[2026, 2024, 2019, 2023, 2026]",2835.79
2789,"[2024, 2025, 2024, 2025, 2024]",2703.77
2790,"[2023, 2023, 2025, 2025, 2026]",2817.7
2791,"[2026, 2023, 2018, 2024, 2019]",3363.89
2792,"[2023, 2018, 2018, 2024, 2025]",2522.24
2793,"[2024, 2023, 2026, 2026, 2025]",2864.55
2794,"[2023, 2023, 2018, 2025, 2023]",4564.85
2795,"[2026, 2025, 2023, 2024, 2023]",4498.29
2796,"[2019, 2023, 2019, 2018, 2026]",2527.74
2797,"[2019, 2023, 2023, 2023, 2025]",2791.68
2798,"[2023, 2023, 2026, 2023, 2019]",3748.54
2799,"[2026, 2024, 2026, 2026, 2018]",3573.57
2800,"[2023, 2026, 2019, 2026, 2023]",4930.51
2801,"[2023, 2026, 2023, 2024, 2019]",3635.82
2802,"[2024, 2024, 2023, 2026, 2026]",2683.12
2803,"[2026, 2018, 2019, 2024, 2023]",4245.38
2804,"[2024, 2025, 2025, 2019, 2024]",2641.91
2805,"[2024, 2026, 2023, 2026, 2018]",3449.72
2806,"[2018, 2018, 2025, 2026, 2023]",3646.34
2807,"[2026, 2024, 2025, 2026, 2026]",2766.56
2808,"[2024, 2026, 2019, 2018, 2023]",4194.57
2809,"[2018, 2024, 2023, 2018, 2026]",2479.16
2810,"[2023, 2023, 2026, 2025, 2023]",5006.17
2811,"[2018, 2023, 2019, 2018, 2024]",2993.68
2812,"[2018, 2025, 2019, 2024, 2018]",2543.35
2813,"[2025, 2018, 2024, 2018, 2019]",2477.54
2814,"[2024, 2026, 2018, 2024, 2025]",2558.75
2815,"[2025, 2024, 2019, 2025, 2018]",2546.09
2816,"[2024, 2025, 2018, 2018, 2024]",2680.54
2817,"[2018, 2026, 2026, 2018, 2024]",3306.72
2818,"[2019, 2019, 2025, 2018, 2026]",2213.11
2819,"[2025, 2025, 2018, 2023, 2025]",2146.21
2820,"[2018, 2023, 2024, 2018, 2019]",2868.06
2821,"[2025, 2019, 2019, 2026, 2018]",2638.96
2822,"[2018, 2024, 2026, 2018, 2025]",2414.7
2823,"[2026, 2026, 2019, 2018, 2026]",2994.49
2824,"[2018, 2023, 2023, 2019, 2024]",3249.83
2825,"[2019, 2026, 2023, 2026, 2023]",4646.86
2826,"[2025, 2026, 2026, 2025, 2019]",3002.64
2827,"[2024, 2018, 2019, 2025, 2026]",2280.46
2828,"[2019, 2024, 2019, 2026, 2023]",3856.91
2829,"[2025, 2024, 2018, 2019, 2025]",2152.09
2830,"[2025, 2019, 2018, 2026, 2026]",2268.52
2831,"[2023, 2026, 2018, 2019, 2026]",2932.16
2832,"[2026, 2026, 2019, 2024, 2019]",3420.2
2833,"[2025, 2019, 2025, 2019, 2026]",2136.54
2834,"[2019, 2019, 2025, 2026, 2018]",2681.86
2835,"[2025, 2023, 2024, 2026, 2018]",2992.96
2836,"[2023, 2023, 2023, 2018, 2024]",3761.94
2837,"[2019, 2019, 2024, 2019, 2024]",2745.33
2838,"[2023, 2026, 2018, 2024, 2024]",3536.69
2839,"[2023, 2018, 2024, 2018, 2019]",2956.78
2840,"[2018, 2026, 2019, 2025, 2026]",2506.87
2841,"[2024, 2025, 2018, 2024, 2018]",2620.94
2842,"[2026, 2024, 2024, 2025, 2023]",4339.86
2843,"[2026, 2019, 2024, 2025, 2025]",2577.43
2844,"[2026, 2025, 2026, 2025, 2019]",3132.28
2845,"[2018, 2019, 2019, 2024, 2024]",2704.47
2846,"[2026, 2026, 2023, 2025, 2018]",3729.83
2847,"[2025, 2023, 2025, 2023, 2024]",2990.37
2848,"[2023, 2026, 2018, 2026, 2024]",3668.24
2849,"[2024, 2023, 2018, 2024, 2023]",4153.91
2850,"[2018, 2025, 2024, 2023, 2018]",2679.86
2851,"[2018, 2019, 2019, 2026, 2024]",2804.42
2852,"[2025, 2024, 2018, 2026, 2018]",2681.35
2853,"[2019, 2024, 2023, 2024, 2025]",2451.1
2854,"[2019, 2026, 2019, 2023, 2026]",2683.31
2855,"[2025, 2018, 2026, 2025, 2023]",3732.41
2856,"[2018, 2024, 2023, 2023, 2026]",2601.79
2857,"[2019, 2025, 2018, 2018, 2025]",2121.55
2858,"[2023, 2025, 2019, 2026, 2023]",4221.79
2859,"[2018, 2025, 2018, 2026, 2025]",2199.75
2860,"[2023, 2026, 2024, 2023, 2018]",3623.88
2861,"[2018, 2019, 2026, 2018, 2023]",3900.13
2862,"[2018, 2025, 2024, 2025, 2024]",2612.49
2863,"[2023, 2023, 2024, 2026, 2019]",3482.23
2864,"[2025, 2025, 2023, 2018, 2023]",3654.59
2865,"[2025, 2019, 2019, 2024, 2019]",2482.63
2866,"[2025, 2025, 2025, 2023, 2026]",2174.21
2867,"[2024, 2024, 2019, 2018, 2025]",2296.83
2868,"[2026, 2023, 2026, 2024, 2019]",3682.21
2869,"[2018, 2019, 2026, 2024, 2018]",2853.24
2870,"[2018, 2025, 2024, 2025, 2019]",2466.7
2871,"[2023, 2026, 2019, 2024, 2018]",3438.15
2872,"[2018, 2025, 2023, 2018, 2025]",2290.56
2873,"[2024, 2026, 2025, 2026, 2018]",3115.79
2874,"[2019, 2025, 2019, 2026, 2025]",2227.69
2875,"[2024, 2026, 2019, 2023, 2026]",2753.3
2876,"[2026, 2018, 2025, 2024, 2024]",3111.77
2877,"[2018, 2025, 2018, 2024, 2024]",2615.78
2878,"[2023, 2026, 2025, 2019, 2023]",4613.27
2879,"[2025, 2026, 2024, 2025, 2025]",2398.59
2880,"[2023, 2023, 2025, 2018, 2018]",3293.22
2881,"[2018, 2023, 2018, 2018, 2019]",2815.51
2882,"[2026, 2025, 2018, 2019, 2025]",2487.0
2883,"[2025, 2019, 2024, 2025, 2019]",2468.56
2884,"[2024, 2025, 2025, 2019, 2026]",2209.36
2885,"[2019, 2023, 2018, 2019, 2025]",2447.94
2886,"[2026, 2019, 2019, 2019, 2026]",2650.96
2887,"[2019, 2019, 2025, 2018, 2025]",2147.92
2888,"[2024, 2024, 2025, 2018, 2026]",2317.22
2889,"[2019, 2019, 2019, 2025, 2025]",2170.67
2890,"[2023, 2026, 2024, 2024, 2023]",4814.46
2891,"[2025, 2025, 2023, 2025, 2023]",3620.62
2892,"[2026, 2025, 2025, 2018, 2025]",2440.3
2893,"[2019, 2025, 2025, 2023, 2023]",3594.35
2894,"[2019, 2024, 2023, 2026, 2019]",2952.79
2895,"[2025, 2023, 2018, 2025, 2019]",2709.77
2896,"[2019, 2025, 2025, 2023, 2023]",3594.35
2897,"[2026, 2025, 2019, 2024, 2023]",4151.99
2898,"[2018, 2023, 2019, 2019, 2019]",2832.91
2899,"[2019, 2023, 2026, 2019, 2018]",3191.77
2900,"[2025, 2026, 2019, 2026, 2023]",4135.45
2901,"[2026, 2024, 2023, 2026, 2018]",3552.25
2902,"[2024, 2018, 2023, 2018, 2025]",2425.03
2903,"[2026, 2018, 2019, 2019, 2023]",4212.29
2904,"[2018, 2026, 2024, 2018, 2023]",4110.33
2905,"[2018, 2025, 2023, 2019, 2025]",2294.71
2906,"[2018, 2019, 2024, 2025, 2024]",2689.49
2907,"[2025, 2026, 2024, 2026, 2019]",2956.39
2908,"[2019, 2026, 2023, 2023, 2019]",3285.44
2909,"[2019, 2018, 2023, 2026, 2019]",2874.77
2910,"[2024, 2026, 2026, 2026, 2024]",3587.11
2911,"[2019, 2018, 2023, 2024, 2026]",2458.72
2912,"[2023, 2019, 2018, 2026, 2024]",3239.07
2913,"[2019, 2025, 2018, 2025, 2023]",3452.5
2914,"[2023, 2024, 2023, 2018, 2026]",2876.1
2915,"[2023, 2023, 2026, 2023, 2018]",3843.18
2916,"[2026, 2019, 2019, 2025, 2026]",2618.34
2917,"[2025, 2025, 2018, 2023, 2024]",2640.98
2918,"[2019, 2024, 2019, 2018, 2026]",2306.29
2919,"[2018, 2019, 2018, 2025, 2024]",2640.04
2920,"[2026, 2023, 2018, 2019, 2025]",2867.82
2921,"[2024, 2023, 2019, 2018, 2024]",3098.58
2922,"[2018, 2026, 2025, 2024, 2023]",4009.28
2923,"[2018, 2025, 2026, 2026, 2026]",2478.48
2924,"[2018, 2018, 2025, 2018, 2026]",2180.62
2925,"[2025, 2024, 2026, 2024, 2024]",2924.6
2926,"[2026, 2018, 2024, 2026, 2026]",2790.72
2927,"[2023, 2023, 2019, 2025, 2024]",3438.15
2928,"[2026, 2024, 2025, 2026, 2018]",3208.71
2929,"[2018, 2024, 2018, 2023, 2023]",3801.79
2930,"[2018, 2018, 2018, 2018, 2025]",2152.61
2931,"[2023, 2025, 2024, 2023, 2023]",4277.77
2932,"[2024, 2019, 2026, 2019, 2026]",2528.51
2933,"[2024, 2026, 2019, 2019, 2024]",3144.51
2934,"[2018, 2026, 2026, 2019, 2026]",2764.22
2935,"[2023, 2023, 2024, 2025, 2025]",2832.94
2936,"[2019, 2023, 2024, 2023, 2025]",2612.51
2937,"[2026, 2019, 2024, 2018, 2024]",3212.57
2938,"[2025, 2019, 2026, 2025, 2025]",2275.65
2939,"[2023, 2019, 2023, 2018, 2023]",4485.16
2940,"[2019, 2019, 2025, 2025, 2019]",2472.95
2941,"[2026, 2026, 2024, 2018, 2025]",2947.55
2942,"[2023, 2018, 2024, 2026, 2024]",3278.28
2943,"[2023, 2018, 2023, 2026, 2024]",3501.2
2944,"[2026, 2023, 2025, 2019, 2018]",3365.35
2945,"[2024, 2026, 2026, 2025, 2019]",3196.4
2946,"[2018, 2024, 2018, 2026, 2023]",3805.82
2947,"[2024, 2025, 2026, 2023, 2019]",2907.03
2948,"[2018, 2018, 2024, 2025, 2025]",2169.68
2949,"[2026, 2018, 2018, 2024, 2024]",3163.74
2950,"[2023, 2024, 2025, 2018, 2018]",3005.9
2951,"[2026, 2026, 2019, 2024, 2019]",3420.2
2952,"[2026, 2024, 2018, 2026, 2026]",2813.72
2953,"[2023, 2024, 2019, 2025, 2018]",3038.39
2954,"[2018, 2019, 2024, 2023, 2023]",3796.21
2955,"[2024, 2026, 2026, 2023, 2024]",3592.72
2956,"[2018, 2019, 2018, 2018, 2026]",2231.78
2957,"[2019, 2023, 2024, 2018, 2025]",2488.87
2958,"[2025, 2024, 2019, 2023, 2018]",2697.99
2959,"[2018, 2025, 2025, 2018, 2025]",2068.39
2960,"[2026, 2026, 2023, 2025, 2018]",3729.83
2961,"[2025, 2026, 2026, 2018, 2018]",3111.44
2962,"[2019, 2019, 2025, 2026, 2025]",2246.15
2963,"[2019, 2018, 2023, 2018, 2026]",2434.71
2964,"[2026, 2025, 2026, 2018, 2019]",3164.61
2965,"[2024, 2025, 2025, 2025, 2023]",3486.36
2966,"[2024, 2019, 2024, 2023, 2025]",2397.0
2967,"[2018, 2026, 2024, 2018, 2024]",3075.94
2968,"[2026, 2026, 2024, 2025, 2018]",3487.82
2969,"[2025, 2026, 2026, 2026, 2024]",3369.9
2970,"[2018, 2024, 2023, 2024, 2018]",2895.32
2971,"[2018, 2025, 2025, 2025, 2025]",2046.7
2972,"[2025, 2023, 2018, 2026, 2018]",2937.91
2973,"[2023, 2026, 2023, 2019, 2018]",3698.32
2974,"[2023, 2019, 2019, 2026, 2024]",3253.09
2975,"[2025, 2026, 2023, 2026, 2026]",2795.54
2976,"[2025, 2024, 2024, 2018, 2019]",2544.62
2977,"[2025, 2026, 2018, 2025, 2023]",3886.47
2978,"[2024, 2019, 2024, 2018, 2023]",3750.04
2979,"[2018, 2026, 2018, 2018, 2024]",3018.92
2980,"[2025, 2026, 2026, 2025, 2023]",4265.6
2981,"[2018, 2023, 2019, 2024, 2018]",2927.29
2982,"[2025, 2018, 2024, 2023, 2023]",3667.21
2983,"[2025, 2018, 2024, 2026, 2026]",2296.12
2984,"[2024, 2018, 2019, 2023, 2018]",2796.52
2985,"[2025, 2018, 2018, 2026, 2023]",3602.91
2986,"[2024, 2025, 2023, 2019, 2019]",2760.67
2987,"[2023, 2025, 2024, 2023, 2018]",3108.72
2988,"[2019, 2024, 2023, 2026, 2018]",3027.6
2989,"[2019, 2023, 2023, 2019, 2026]",2745.13
2990,"[2025, 2025, 2023, 2026, 2018]",2777.98
2991,"[2018, 2026, 2026, 2018, 2024]",3306.72
2992,"[2025, 2026, 2019, 2024, 2019]",2810.34
2993,"[2024, 2024, 2019, 2024, 2025]",2319.55
2994,"[2026, 2025, 2019, 2023, 2024]",3226.92
2995,"[2018, 2019, 2024, 2025, 2024]",2689.49
2996,"[2019, 2026, 2025, 2025, 2019]",2798.13
2997,"[2023, 2023, 2026, 2026, 2024]",3963.56
2998,"[2025, 2024, 2018, 2025, 2019]",2472.74
2999,"[2019, 2025, 2025, 2018, 2025]",2085.86
3000,"[2026, 2019, 2026, 2026, 2019]",3413.61
3001,"[2025, 2026, 2024, 2025, 2023]",3960.4
3002,"[2023, 2025, 2019, 2026, 2019]",2983.16
3003,"[2023, 2019, 2024, 2019, 2025]",2564.75
3004,"[2019, 2025, 2025, 2024, 2025]",2106.55
3005,"[2023, 2019, 2025, 2024, 2026]",2571.33
3006,"[2026, 2019, 2025, 2024, 2024]",3132.21
3007,"[2025, 2026, 2025, 2026, 2018]",2926.86
3008,"[2024, 2025, 2024, 2024, 2018]",2670.09
3009,"[2023, 2024, 2025, 2025, 2019]",2902.51
3010,"[2018, 2023, 2025, 2019, 2025]",2386.46
3011,"[2025, 2024, 2026, 2018, 2024]",2895.59
3012,"[2024, 2025, 2018, 2026, 2026]",2345.87
3013,"[2023, 2024, 2025, 2025, 2026]",2571.09
3014,"[2026, 2018, 2024, 2023, 2024]",3348.59
3015,"[2024, 2025, 2025, 2026, 2018]",2672.93
3016,"[2026, 2019, 2019, 2024, 2023]",4274.1
3017,"[2019, 2018, 2025, 2018, 2024]",2628.43
3018,"[2018, 2019, 2024, 2019, 2024]",2721.75
3019,"[2024, 2026, 2025, 2026, 2024]",3219.94
3020,"[2018, 2023, 2025, 2026, 2019]",2898.92
3021,"[2024, 2019, 2018, 2025, 2024]",2732.32
3022,"[2018, 2023, 2024, 2025, 2024]",3006.64
3023,"[2025, 2018, 2026, 2025, 2025]",2261.13
3024,"[2019, 2018, 2023, 2024, 2025]",2386.68
3025,"[2018, 2018, 2025, 2025, 2019]",2436.18
3026,"[2019, 2026, 2019, 2019, 2023]",4096.73
3027,"[2018, 2019, 2024, 2023, 2026]",2386.09
3028,"[2024, 2025, 2024, 2024, 2019]",2604.33
3029,"[2018, 2026, 2018, 2018, 2019]",2849.76
3030,"[2025, 2023, 2019, 2025, 2019]",2721.26
3031,"[2026, 2018, 2019, 2018, 2026]",2629.14
3032,"[2025, 2019, 2024, 2026, 2026]",2310.89
3033,"[2025, 2026, 2024, 2019, 2018]",2900.44
3034,"[2019, 2018, 2026, 2026, 2026]",2557.07
3035,"[2026, 2023, 2024, 2025, 2023]",4754.82
3036,"[2023, 2024, 2019, 2026, 2024]",3319.44
3037,"[2024, 2023, 2018, 2019, 2018]",2993.16
3038,"[2024, 2025, 2026, 2018, 2024]",2934.47
3039,"[2018, 2023, 2026, 2018, 2019]",3079.71
3040,"[2026, 2018, 2019, 2026, 2019]",3109.9
3041,"[2019, 2023, 2018, 2024, 2018]",2940.23
3042,"[2026, 2018, 2024, 2019, 2024]",3197.9
3043,"[2019, 2025, 2025, 2018, 2024]",2569.68
3044,"[2023, 2023, 2019, 2023, 2025]",2962.21
3045,"[2026, 2019, 2026, 2024, 2024]",3488.35
3046,"[2026, 2019, 2026, 2023, 2023]",4847.33
3047,"[2019, 2026, 2019, 2024, 2024]",3089.11
3048,"[2026, 2023, 2023, 2024, 2019]",3662.66
3049,"[2025, 2025, 2024, 2023, 2023]",3587.15
3050,"[2024, 2026, 2019, 2018, 2026]",2621.86
3051,"[2018, 2023, 2023, 2024, 2018]",3171.7
3052,"[2026, 2023, 2023, 2019, 2024]",3848.32
3053,"[2025, 2025, 2025, 2019, 2023]",3313.13
3054,"[2026, 2026, 2018, 2026, 2018]",3622.79
3055,"[2026, 2025, 2024, 2023, 2018]",3169.04
3056,"[2023, 2025, 2023, 2024, 2024]",3302.14
3057,"[2018, 2023, 2023, 2023, 2025]",2767.67
3058,"[2019, 2023, 2026, 2023, 2023]",4608.27
3059,"[2026, 2023, 2019, 2023, 2023]",4959.06
3060,"[2023, 2018, 2025, 2023, 2025]",2577.89
3061,"[2019, 2019, 2023, 2024, 2023]",3940.62
3062,"[2024, 2019, 2026, 2019, 2024]",3026.82
3063,"[2023, 2026, 2024, 2025, 2018]",3418.74
3064,"[2018, 2018, 2019, 2025, 2026]",2203.77
3065,"[2024, 2018, 2018, 2018, 2024]",2741.75
3066,"[2025, 2025, 2024, 2018, 2023]",3422.89
3067,"[2018, 2018, 2025, 2018, 2019]",2460.9
3068,"[2019, 2024, 2023, 2023, 2025]",2547.63
3069,"[2026, 2026, 2026, 2024, 2024]",3955.84
3070,"[2018, 2018, 2023, 2024, 2026]",2437.8
3071,"[2024, 2018, 2019, 2024, 2026]",2327.15
3072,"[2024, 2024, 2019, 2018, 2019]",2670.69
3073,"[2024, 2023, 2018, 2023, 2023]",4309.7
3074,"[2026, 2025, 2026, 2025, 2026]",2768.59
3075,"[2024, 2024, 2025, 2025, 2018]",2654.85
3076,"[2019, 2018, 2023, 2025, 2024]",2879.1
3077,"[2025, 2026, 2018, 2026, 2018]",2975.83
3078,"[2019, 2025, 2023, 2026, 2024]",2977.51
3079,"[2024, 2019, 2023, 2025, 2018]",2878.96
3080,"[2018, 2024, 2019, 2023, 2024]",2866.08
3081,"[2019, 2019, 2026, 2024, 2024]",2973.49
3082,"[2024, 2025, 2023, 2026, 2025]",2478.36
3083,"[2018, 2019, 2025, 2018, 2018]",2539.31
3084,"[2018, 2019, 2018, 2018, 2018]",2581.64
3085,"[2025, 2025, 2023, 2026, 2025]",2327.68
3086,"[2025, 2026, 2024, 2026, 2025]",2536.07
3087,"[2026, 2023, 2026, 2018, 2024]",3863.18
3088,"[2019, 2019, 2018, 2026, 2026]",2354.03
3089,"[2019, 2025, 2018, 2019, 2023]",3492.39
3090,"[2018, 2019, 2018, 2025, 2025]",2143.61
3091,"[2023, 2025, 2023, 2026, 2025]",2778.37
3092,"[2018, 2025, 2018, 2023, 2026]",2275.03
3093,"[2024, 2019, 2023, 2023, 2026]",2638.78
3094,"[2024, 2018, 2024, 2019, 2026]",2341.86
3095,"[2026, 2019, 2024, 2026, 2026]",2808.81
3096,"[2025, 2026, 2023, 2024, 2018]",3125.24
3097,"[2019, 2023, 2025, 2025, 2018]",2835.14
3098,"[2023, 2019, 2018, 2018, 2025]",2513.43
3099,"[2019, 2026, 2024, 2025, 2026]",2565.26
3100,"[2018, 2026, 2018, 2024, 2023]",4074.11
3101,"[2025, 2024, 2024, 2019, 2018]",2613.94
3102,"[2025, 2026, 2018, 2018, 2023]",3923.17
3103,"[2024, 2018, 2018, 2024, 2023]",3692.33
3104,"[2019, 2023, 2019, 2024, 2019]",2880.27
3105,"[2019, 2024, 2025, 2018, 2026]",2258.33
3106,"[2018, 2024, 2019, 2024, 2025]",2241.51
3107,"[2019, 2025, 2019, 2024, 2023]",3535.55
3108,"[2023, 2018, 2024, 2019, 2023]",4182.34
3109,"[2024, 2019, 2018, 2024, 2026]",2332.31
3110,"[2023, 2023, 2026, 2019, 2025]",3075.17
3111,"[2018, 2025, 2023, 2019, 2019]",2667.42
3112,"[2026, 2018, 2018, 2018, 2019]",2957.09
3113,"[2018, 2019, 2023, 2024, 2024]",2930.43
3114,"[2019, 2023, 2026, 2019, 2024]",3297.48
3115,"[2018, 2018, 2024, 2023, 2019]",2673.78
3116,"[2018, 2026, 2018, 2023, 2023]",4227.95
3117,"[2025, 2019, 2018, 2018, 2025]",2105.13
3118,"[2025, 2019, 2024, 2018, 2019]",2493.64
3119,"[2018, 2019, 2018, 2025, 2026]",2208.65
3120,"[2019, 2019, 2023, 2019, 2024]",2932.73
3121,"[2026, 2024, 2024, 2025, 2024]",3245.95
3122,"[2023, 2025, 2026, 2023, 2024]",3450.77
3123,"[2019, 2018, 2024, 2019, 2019]",2575.7
3124,"[2018, 2024, 2026, 2024, 2024]",3007.97
3125,"[2024, 2025, 2018, 2024, 2023]",3611.52
3126,"[2026, 2024, 2025, 2025, 2025]",2538.26
3127,"[2025, 2023, 2019, 2018, 2018]",2818.11
3128,"[2019, 2023, 2026, 2023, 2023]",4608.27
3129,"[2026, 2026, 2019, 2026, 2026]",3134.34
3130,"[2018, 2025, 2019, 2019, 2025]",2116.27
3131,"[2026, 2025, 2026, 2019, 2026]",2803.43
3132,"[2025, 2024, 2026, 2018, 2018]",2802.59
3133,"[2025, 2025, 2023, 2019, 2026]",2297.75
3134,"[2023, 2023, 2019, 2026, 2019]",3432.98
3135,"[2023, 2019, 2018, 2025, 2026]",2562.57
3136,"[2025, 2019, 2018, 2025, 2025]",2083.09
3137,"[2023, 2019, 2018, 2018, 2019]",2921.37
3138,"[2024, 2025, 2019, 2018, 2018]",2606.27
3139,"[2018, 2024, 2019, 2018, 2023]",3644.38
3140,"[2019, 2025, 2019, 2019, 2024]",2628.84
3141,"[2024, 2026, 2023, 2025, 2018]",3260.91
3142,"[2024, 2019, 2025, 2018, 2019]",2563.24
3143,"[2019, 2024, 2024, 2025, 2023]",3694.66
3144,"[2025, 2019, 2018, 2024, 2026]",2190.4
3145,"[2025, 2019, 2018, 2026, 2023]",3627.23
3146,"[2025, 2025, 2025, 2018, 2018]",2397.41
3147,"[2018, 2024, 2026, 2024, 2018]",2911.48
3148,"[2025, 2025, 2026, 2024, 2018]",2694.57
3149,"[2023, 2019, 2024, 2018, 2023]",4201.47
3150,"[2018, 2023, 2023, 2026, 2024]",3396.07
3151,"[2019, 2025, 2018, 2019, 2018]",2534.14
3152,"[2018, 2019, 2024, 2023, 2019]",2691.23
3153,"[2025, 2024, 2023, 2019, 2024]",2884.48
3154,"[2019, 2025, 2024, 2019, 2025]",2165.01
3155,"[2018, 2023, 2018, 2019, 2024]",2986.77
3156,"[2019, 2019, 2018, 2026, 2023]",3762.7
3157,"[2026, 2024, 2025, 2025, 2025]",2538.26
3158,"[2025, 2024, 2023, 2019, 2024]",2884.48
3159,"[2023, 2026, 2019, 2019, 2024]",3523.84
3160,"[2026, 2023, 2026, 2023, 2025]",3286.88
3161,"[2026, 2019, 2023, 2026, 2023]",4809.88
3162,"[2019, 2024, 2019, 2023, 2024]",2891.02
3163,"[2026, 2023, 2018, 2023, 2023]",4936.67
3164,"[2026, 2019, 2025, 2026, 2019]",3065.47
3165,"[2018, 2026, 2024, 2019, 2025]",2498.59
3166,"[2025, 2025, 2025, 2023, 2025]",2110.32
3167,"[2023, 2018, 2023, 2019, 2025]",2723.61
3168,"[2018, 2019, 2025, 2025, 2018]",2513.93
3169,"[2018, 2019, 2019, 2019, 2024]",2683.17
3170,"[2023, 2025, 2024, 2019, 2018]",2969.32
3171,"[2024, 2026, 2025, 2025, 2019]",2871.12
3172,"[2018, 2023, 2019, 2023, 2018]",3040.34
3173,"[2026, 2018, 2023, 2018, 2019]",3220.33
3174,"[2025, 2019, 2018, 2018, 2025]",2105.13
3175,"[2023, 2018, 2024, 2026, 2024]",3278.28
3176,"[2019, 2019, 2024, 2026, 2019]",2708.69
3177,"[2019, 2026, 2018, 2026, 2026]",2662.41
3178,"[2023, 2019, 2023, 2019, 2026]",2823.79
3179,"[2018, 2019, 2025, 2026, 2019]",2592.96
3180,"[2024, 2026, 2019, 2024, 2019]",2991.82
3181,"[2018, 2024, 2025, 2018, 2018]",2591.15
3182,"[2019, 2023, 2018, 2026, 2023]",4204.57
3183,"[2026, 2026, 2026, 2023, 2018]",3978.59
3184,"[2023, 2019, 2019, 2023, 2025]",2649.2
3185,"[2019, 2026, 2024, 2025, 2018]",2973.04
3186,"[2024, 2018, 2023, 2018, 2025]",2425.03
3187,"[2026, 2024, 2023, 2025, 2026]",2899.3
3188,"[2019, 2026, 2024, 2018, 2025]",2515.47
3189,"[2025, 2025, 2024, 2024, 2024]",2590.55
3190,"[2024, 2024, 2025, 2019, 2023]",3704.08
3191,"[2024, 2019, 2023, 2023, 2025]",2561.74
3192,"[2018, 2019, 2019, 2023, 2026]",2352.22
3193,"[2026, 2026, 2019, 2026, 2018]",3638.62
3194,"[2023, 2024, 2019, 2018, 2019]",2993.61
3195,"[2025, 2024, 2023, 2024, 2018]",2814.93
3196,"[2026, 2019, 2023, 2018, 2026]",2870.74
3197,"[2019, 2023, 2023, 2019, 2018]",3174.34
3198,"[2024, 2018, 2019, 2018, 2023]",3672.31
3199,"[2026, 2024, 2023, 2025, 2026]",2899.3
3200,"[2019, 2024, 2024, 2023, 2019]",2769.98
3201,"[2024, 2023, 2024, 2025, 2019]",2938.69
3202,"[2019, 2025, 2019, 2018, 2025]",2130.3
3203,"[2025, 2024, 2026, 2023, 2023]",4057.41
3204,"[2024, 2026, 2023, 2023, 2024]",3570.02
3205,"[2026, 2026, 2024, 2026, 2026]",3180.25
3206,"[2023, 2026, 2024, 2026, 2019]",3526.85
3207,"[2023, 2026, 2026, 2019, 2023]",5144.82
3208,"[2026, 2024, 2025, 2019, 2024]",3171.25
3209,"[2023, 2023, 2025, 2023, 2025]",2900.92
3210,"[2019, 2018, 2026, 2026, 2026]",2557.07
3211,"[2026, 2023, 2024, 2025, 2024]",3558.49
3212,"[2018, 2019, 2024, 2025, 2019]",2539.55
3213,"[2019, 2024, 2026, 2023, 2018]",3051.45
3214,"[2023, 2026, 2024, 2019, 2019]",3374.49
3215,"[2026, 2023, 2018, 2023, 2025]",3005.8
3216,"[2024, 2023, 2023, 2019, 2018]",3257.14
3217,"[2026, 2023, 2024, 2024, 2018]",3514.01
3218,"[2025, 2026, 2018, 2023, 2025]",2499.13
3219,"[2018, 2026, 2025, 2026, 2019]",2935.07
3220,"[2019, 2023, 2018, 2023, 2026]",2641.93
3221,"[2018, 2026, 2024, 2026, 2018]",3118.42
3222,"[2025, 2019, 2025, 2023, 2018]",2589.61
3223,"[2019, 2026, 2025, 2023, 2026]",2627.2
3224,"[2025, 2026, 2019, 2023, 2019]",2920.43
3225,"[2018, 2024, 2018, 2019, 2024]",2726.22
3226,"[2019, 2025, 2018, 2025, 2025]",2099.34
3227,"[2024, 2023, 2024, 2018, 2019]",2968.47
3228,"[2026, 2018, 2019, 2024, 2018]",3075.61
3229,"[2025, 2026, 2019, 2023, 2025]",2509.65
3230,"[2025, 2025, 2024, 2018, 2019]",2422.02
3231,"[2023, 2024, 2024, 2023, 2026]",2824.69
3232,"[2024, 2026, 2024, 2023, 2026]",2793.34
3233,"[2018, 2025, 2019, 2019, 2023]",3477.44
3234,"[2024, 2024, 2018, 2025, 2019]",2632.67
3235,"[2024, 2019, 2026, 2026, 2018]",3062.55
3236,"[2024, 2025, 2019, 2018, 2025]",2185.85
3237,"[2018, 2024, 2025, 2023, 2019]",2651.6
3238,"[2025, 2026, 2018, 2025, 2019]",2742.5
3239,"[2023, 2023, 2026, 2019, 2024]",3791.29
3240,"[2025, 2025, 2025, 2026, 2025]",2101.98
3241,"[2026, 2019, 2019, 2023, 2025]",2696.54
3242,"[2018, 2026, 2023, 2023, 2018]",3339.02
3243,"[2023, 2018, 2023, 2025, 2025]",2690.4
3244,"[2018, 2019, 2026, 2019, 2026]",2443.26
3245,"[2025, 2024, 2019, 2019, 2026]",2226.57
3246,"[2018, 2018, 2024, 2024, 2025]",2214.24
3247,"[2018, 2019, 2026, 2024, 2019]",2782.51
3248,"[2019, 2024, 2019, 2023, 2024]",2891.02
3249,"[2023, 2025, 2025, 2024, 2018]",2889.82
3250,"[2018, 2025, 2018, 2025, 2023]",3422.36
3251,"[2025, 2025, 2026, 2019, 2018]",2673.08
3252,"[2018, 2026, 2023, 2024, 2024]",3320.24
3253,"[2018, 2018, 2023, 2024, 2025]",2366.42
3254,"[2018, 2018, 2023, 2026, 2019]",2849.99
3255,"[2018, 2019, 2019, 2018, 2026]",2241.03
3256,"[2018, 2019, 2024, 2025, 2026]",2249.75
3257,"[2018, 2026, 2019, 2023, 2025]",2581.75
3258,"[2025, 2026, 2019, 2025, 2026]",2436.74
3259,"[2025, 2025, 2026, 2025, 2018]",2640.91
3260,"[2025, 2019, 2025, 2026, 2019]",2520.56
3261,"[2025, 2024, 2026, 2023, 2024]",3038.39
3262,"[2019, 2019, 2019, 2019, 2018]",2620.14
3263,"[2025, 2018, 2023, 2024, 2026]",2369.5
3264,"[2018, 2018, 2024, 2023, 2026]",2370.86
3265,"[2018, 2026, 2025, 2023, 2019]",2941.46
3266,"[2023, 2023, 2018, 2024, 2018]",3381.07
3267,"[2018, 2023, 2025, 2019, 2025]",2386.46
3268,"[2026, 2024, 2026, 2026, 2023]",4952.08
3269,"[2024, 2026, 2024, 2018, 2025]",2581.07
3270,"[2018, 2023, 2018, 2019, 2025]",2427.11
3271,"[2025, 2025, 2019, 2023, 2018]",2568.15
3272,"[2024, 2025, 2026, 2025, 2023]",3886.15
3273,"[2025, 2023, 2025, 2024, 2025]",2338.22
3274,"[2019, 2026, 2019, 2026, 2018]",3100.76
3275,"[2018, 2019, 2024, 2018, 2025]",2206.53
3276,"[2025, 2025, 2024, 2025, 2023]",3391.02
3277,"[2024, 2019, 2026, 2024, 2018]",2953.12
3278,"[2026, 2019, 2018, 2025, 2019]",2946.28
3279,"[2025, 2025, 2019, 2018, 2023]",3374.42
3280,"[2018, 2023, 2019, 2019, 2019]",2832.91
3281,"[2026, 2024, 2024, 2026, 2019]",3241.03
3282,"[2024, 2019, 2019, 2018, 2019]",2617.22
3283,"[2023, 2023, 2025, 2023, 2018]",3454.34
3284,"[2019, 2024, 2024, 2023, 2018]",2839.56
3285,"[2024, 2023, 2024, 2026, 2024]",3291.42
3286,"[2026, 2018, 2018, 2025, 2018]",3001.67
3287,"[2026, 2019, 2024, 2018, 2019]",3032.52
3288,"[2024, 2024, 2025, 2023, 2025]",2361.13
3289,"[2018, 2018, 2023, 2024, 2025]",2366.42
3290,"[2023, 2019, 2018, 2025, 2023]",4085.32
3291,"[2025, 2026, 2024, 2025, 2019]",2794.28
3292,"[2018, 2019, 2025, 2018, 2023]",3499.21
3293,"[2023, 2025, 2025, 2025, 2018]",2832.79
3294,"[2023, 2018, 2018, 2025, 2023]",4058.1
3295,"[2019, 2018, 2024, 2019, 2019]",2575.7
3296,"[2023, 2024, 2018, 2026, 2019]",3120.33
3297,"[2025, 2018, 2023, 2018, 2018]",2713.65
3298,"[2025, 2026, 2023, 2023, 2018]",3246.9
3299,"[2026, 2025, 2018, 2025, 2024]",3031.44
3300,"[2023, 2019, 2025, 2024, 2018]",2975.06
3301,"[2023, 2023, 2019, 2026, 2026]",3040.39
3302,"[2025, 2023, 2018, 2026, 2026]",2537.16
3303,"[2018, 2025, 2024, 2025, 2019]",2466.7
3304,"[2024, 2023, 2024, 2023, 2025]",2680.65
3305,"[2026, 2019, 2023, 2024, 2026]",2899.3
3306,"[2026, 2023, 2026, 2023, 2024]",4054.36
3307,"[2019, 2018, 2018, 2023, 2024]",2802.53
3308,"[2026, 2024, 2024, 2019, 2024]",3285.17
3309,"[2026, 2026, 2018, 2018, 2024]",3573.12
3310,"[2025, 2023, 2026, 2024, 2023]",4281.14
3311,"[2026, 2026, 2023, 2023, 2023]",5458.33
3312,"[2019, 2024, 2023, 2026, 2018]",3027.6
3313,"[2026, 2024, 2023, 2024, 2019]",3341.2
3314,"[2019, 2023, 2019, 2018, 2019]",2852.02
3315,"[2018, 2019, 2018, 2026, 2018]",2702.94
3316,"[2024, 2024, 2026, 2019, 2024]",3088.65
3317,"[2026, 2024, 2026, 2018, 2026]",2941.0
3318,"[2018, 2026, 2018, 2024, 2026]",2548.01
3319,"[2018, 2025, 2024, 2026, 2024]",2763.41
3320,"[2025, 2023, 2018, 2023, 2025]",2471.81
3321,"[2026, 2019, 2018, 2019, 2018]",3057.98
3322,"[2019, 2019, 2019, 2026, 2018]",2738.09
3323,"[2023, 2019, 2026, 2019, 2025]",2750.43
3324,"[2018, 2024, 2024, 2025, 2023]",3662.27
3325,"[2023, 2018, 2025, 2026, 2018]",3064.43
3326,"[2026, 2019, 2019, 2024, 2018]",3095.78
3327,"[2018, 2025, 2019, 2024, 2024]",2627.04
3328,"[2018, 2025, 2019, 2025, 2025]",2090.3
3329,"[2019, 2024, 2026, 2026, 2018]",3045.66
3330,"[2025, 2018, 2019, 2024, 2019]",2466.61
3331,"[2019, 2023, 2025, 2023, 2025]",2522.09
3332,"[2025, 2023, 2023, 2025, 2026]",2613.61
3333,"[2025, 2019, 2018, 2018, 2018]",2509.54
3334,"[2018, 2018, 2024, 2019, 2019]",2553.69
3335,"[2018, 2023, 2018, 2025, 2018]",2857.55
3336,"[2026, 2019, 2019, 2026, 2019]",3130.32
3337,"[2019, 2026, 2026, 2024, 2026]",2811.03
3338,"[2023, 2019, 2026, 2019, 2018]",3283.36
3339,"[2018, 2023, 2018, 2024, 2025]",2446.6
3340,"[2026, 2018, 2025, 2026, 2019]",3045.53
3341,"[2019, 2026, 2018, 2026, 2026]",2662.41
3342,"[2023, 2023, 2026, 2019, 2023]",5064.21
3343,"[2026, 2025, 2018, 2018, 2026]",2558.37
3344,"[2026, 2019, 2019, 2025, 2023]",4192.07
3345,"[2026, 2023, 2023, 2019, 2024]",3848.32
3346,"[2019, 2026, 2023, 2024, 2019]",3162.09
3347,"[2018, 2026, 2023, 2024, 2018]",3214.06
3348,"[2018, 2019, 2018, 2019, 2025]",2170.18
3349,"[2025, 2023, 2019, 2019, 2023]",3889.86
3350,"[2018, 2026, 2023, 2026, 2025]",2789.76
3351,"[2018, 2018, 2018, 2019, 2018]",2569.98
3352,"[2023, 2026, 2019, 2024, 2019]",3352.98
3353,"[2018, 2026, 2023, 2024, 2024]",3320.24
3354,"[2026, 2019, 2018, 2023, 2024]",3308.2
3355,"[2024, 2024, 2025, 2026, 2026]",2423.78
3356,"[2019, 2019, 2018, 2026, 2025]",2284.3
3357,"[2026, 2019, 2026, 2025, 2024]",3418.84
3358,"[2018, 2025, 2026, 2025, 2024]",2806.91
3359,"[2023, 2018, 2019, 2018, 2026]",2583.66
3360,"[2024, 2026, 2026, 2024, 2026]",2884.35
3361,"[2025, 2023, 2025, 2024, 2025]",2338.22
3362,"[2024, 2019, 2023, 2019, 2024]",3009.23
3363,"[2026, 2018, 2019, 2026, 2019]",3109.9
3364,"[2019, 2018, 2019, 2024, 2026]",2268.01
3365,"[2024, 2023, 2025, 2026, 2024]",3178.44
3366,"[2019, 2019, 2025, 2018, 2023]",3530.07
3367,"[2019, 2023, 2025, 2026, 2018]",2998.4
3368,"[2023, 2026, 2019, 2023, 2023]",4925.26
3369,"[2025, 2018, 2026, 2026, 2025]",2390.64
3370,"[2018, 2024, 2024, 2024, 2025]",2273.82
3371,"[2025, 2025, 2018, 2019, 2023]",3366.51
3372,"[2025, 2025, 2019, 2025, 2024]",2503.48
3373,"[2025, 2018, 2018, 2018, 2025]",2091.85
3374,"[2023, 2024, 2018, 2025, 2018]",3025.51
3375,"[2026, 2018, 2026, 2018, 2023]",4592.09
3376,"[2025, 2023, 2023, 2026, 2023]",4408.68
3377,"[2018, 2025, 2026, 2023, 2025]",2413.92
3378,"[2018, 2025, 2025, 2024, 2024]",2573.07
3379,"[2018, 2018, 2026, 2019, 2025]",2355.6
3380,"[2026, 2019, 2024, 2019, 2026]",2689.52
3381,"[2018, 2025, 2025, 2026, 2025]",2163.01
3382,"[2025, 2026, 2024, 2018, 2025]",2424.23
3383,"[2024, 2026, 2023, 2023, 2018]",3456.25
3384,"[2023, 2019, 2023, 2026, 2018]",3411.8
3385,"[2025, 2025, 2025, 2025, 2025]",1988.73
3386,"[2023, 2023, 2026, 2025, 2019]",3536.06
3387,"[2019, 2024, 2026, 2025, 2025]",2409.66
3388,"[2018, 2019, 2023, 2025, 2025]",2333.8
3389,"[2023, 2025, 2026, 2024, 2019]",3135.45
3390,"[2026, 2024, 2024, 2018, 2019]",3094.93
3391,"[2025, 2019, 2025, 2019, 2025]",2073.49
3392,"[2025, 2023, 2018, 2025, 2018]",2778.16
3393,"[2025, 2026, 2024, 2019, 2018]",2900.44
3394,"[2019, 2026, 2018, 2024, 2019]",2903.29
3395,"[2019, 2026, 2023, 2026, 2018]",3362.01
3396,"[2025, 2026, 2024, 2018, 2024]",2990.78
3397,"[2019, 2026, 2026, 2025, 2023]",4424.53
3398,"[2018, 2026, 2025, 2018, 2018]",2873.84
3399,"[2018, 2024, 2018, 2026, 2023]",3805.82
3400,"[2018, 2018, 2026, 2024, 2026]",2447.29
3401,"[2024, 2026, 2026, 2026, 2023]",4810.4
3402,"[2026, 2026, 2025, 2024, 2023]",4753.42
3403,"[2023, 2026, 2019, 2025, 2026]",2908.21
3404,"[2018, 2023, 2025, 2026, 2019]",2898.92
3405,"[2025, 2023, 2025, 2023, 2023]",3985.34
3406,"[2024, 2025, 2024, 2026, 2018]",2768.33
3407,"[2023, 2018, 2023, 2024, 2026]",2828.16
3408,"[2019, 2023, 2026, 2019, 2018]",3191.77
3409,"[2025, 2019, 2023, 2023, 2024]",2958.83
3410,"[2023, 2024, 2023, 2025, 2023]",4534.23
3411,"[2023, 2019, 2019, 2018, 2025]",2523.77
3412,"[2018, 2025, 2025, 2026, 2025]",2163.01
3413,"[2019, 2018, 2025, 2024, 2018]",2569.96
3414,"[2026, 2026, 2026, 2018, 2025]",3165.01
3415,"[2019, 2026, 2026, 2023, 2024]",3501.38
3416,"[2024, 2025, 2026, 2018, 2026]",2451.26
3417,"[2024, 2024, 2019, 2018, 2018]",2738.06
3418,"[2023, 2019, 2024, 2024, 2019]",3005.43
3419,"[2018, 2023, 2023, 2026, 2024]",3396.07
3420,"[2019, 2026, 2024, 2024, 2026]",2618.32
3421,"[2018, 2024, 2024, 2024, 2026]",2342.67
3422,"[2024, 2025, 2024, 2024, 2024]",2758.01
3423,"[2025, 2024, 2019, 2019, 2025]",2160.97
3424,"[2019, 2018, 2024, 2023, 2025]",2321.21
3425,"[2023, 2026, 2018, 2024, 2025]",2868.34
3426,"[2026, 2023, 2018, 2018, 2019]",3330.7
3427,"[2023, 2024, 2025, 2024, 2026]",2623.77
3428,"[2019, 2026, 2023, 2019, 2024]",3322.9
3429,"[2023, 2018, 2024, 2023, 2019]",3101.67
3430,"[2025, 2026, 2023, 2018, 2018]",3094.35
3431,"[2023, 2018, 2025, 2026, 2023]",4228.89
3432,"[2025, 2023, 2019, 2024, 2024]",2939.58
3433,"[2026, 2025, 2024, 2025, 2024]",3088.74
3434,"[2023, 2025, 2023, 2024, 2025]",2683.7
3435,"[2024, 2018, 2019, 2018, 2024]",2753.53
3436,"[2026, 2026, 2025, 2024, 2026]",2960.72
3437,"[2026, 2025, 2026, 2023, 2025]",2852.1
3438,"[2026, 2026, 2024, 2019, 2023]",4884.41
3439,"[2018, 2023, 2025, 2023, 2024]",3075.52
3440,"[2018, 2024, 2025, 2025, 2024]",2649.89
3441,"[2024, 2018, 2024, 2026, 2023]",3907.53
3442,"[2023, 2026, 2018, 2026, 2023]",4908.21
3443,"[2023, 2025, 2024, 2024, 2023]",4122.93
3444,"[2023, 2024, 2024, 2025, 2019]",3006.18
3445,"[2025, 2023, 2018, 2026, 2026]",2537.16
3446,"[2019, 2026, 2023, 2025, 2019]",3099.24
3447,"[2025, 2023, 2019, 2024, 2019]",2776.1
3448,"[2024, 2018, 2024, 2023, 2018]",2836.72
3449,"[2018, 2018, 2026, 2019, 2019]",2742.38
3450,"[2019, 2025, 2024, 2024, 2026]",2248.69
3451,"[2024, 2024, 2024, 2018, 2024]",2868.82
3452,"[2025, 2019, 2024, 2019, 2023]",3530.62
3453,"[2024, 2024, 2024, 2024, 2019]",2736.03
3454,"[2025, 2025, 2023, 2019, 2026]",2297.75
3455,"[2025, 2026, 2018, 2018, 2025]",2379.48
3456,"[2018, 2025, 2019, 2026, 2023]",3640.21
3457,"[2026, 2023, 2018, 2019, 2019]",3337.17
3458,"[2025, 2018, 2023, 2018, 2025]",2277.55
3459,"[2023, 2019, 2024, 2023, 2018]",3200.2
3460,"[2026, 2018, 2019, 2019, 2026]",2634.02
3461,"[2019, 2026, 2025, 2023, 2026]",2627.2
3462,"[2019, 2026, 2025, 2026, 2024]",3138.08
3463,"[2018, 2018, 2018, 2023, 2025]",2259.51
3464,"[2019, 2025, 2019, 2023, 2019]",2599.31
3465,"[2023, 2019, 2018, 2018, 2025]",2513.43
3466,"[2025, 2018, 2019, 2023, 2025]",2205.07
3467,"[2025, 2026, 2025, 2026, 2019]",2853.63
3468,"[2023, 2019, 2026, 2025, 2025]",2716.43
3469,"[2018, 2019, 2025, 2018, 2019]",2476.8
3470,"[2019, 2024, 2019, 2024, 2026]",2329.12
3471,"[2026, 2024, 2019, 2025, 2024]",3199.59
3472,"[2025, 2023, 2025, 2018, 2026]",2385.48
3473,"[2023, 2025, 2019, 2024, 2026]",2550.24
3474,"[2023, 2026, 2024, 2026, 2019]",3526.85
3475,"[2019, 2018, 2019, 2026, 2019]",2652.97
3476,"[2025, 2019, 2026, 2018, 2018]",2746.45
3477,"[2025, 2019, 2023, 2023, 2018]",2865.13
3478,"[2019, 2019, 2018, 2026, 2024]",2816.57
3479,"[2023, 2018, 2018, 2018, 2018]",2975.57
3480,"[2018, 2018, 2025, 2026, 2026]",2280.72
3481,"[2019, 2023, 2018, 2019, 2018]",2917.07
3482,"[2026, 2024, 2018, 2024, 2025]",2635.65
3483,"[2025, 2023, 2018, 2023, 2019]",2871.43
3484,"[2019, 2024, 2019, 2026, 2023]",3856.91
3485,"[2019, 2019, 2019, 2024, 2023]",3638.96
3486,"[2023, 2025, 2026, 2023, 2025]",2800.49
3487,"[2024, 2023, 2026, 2018, 2019]",3187.68
3488,"[2018, 2023, 2019, 2018, 2024]",2993.68
3489,"[2025, 2019, 2023, 2019, 2024]",2826.7
3490,"[2023, 2024, 2024, 2018, 2019]",3036.64
3491,"[2023, 2019, 2026, 2025, 2024]",3351.65
3492,"[2024, 2018, 2023, 2026, 2024]",3124.27
3493,"[2019, 2019, 2023, 2024, 2023]",3940.62
3494,"[2024, 2018, 2024, 2023, 2026]",2453.51
3495,"[2023, 2019, 2019, 2024, 2018]",3037.47
3496,"[2018, 2024, 2019, 2019, 2019]",2585.54
3497,"[2018, 2019, 2026, 2018, 2019]",2754.96
3498,"[2026, 2025, 2018, 2026, 2026]",2676.91
3499,"[2026, 2025, 2023, 2025, 2024]",3301.43
3500,"[2024, 2023, 2023, 2019, 2024]",3363.87
3501,"[2019, 2024, 2019, 2023, 2019]",2730.68
3502,"[2019, 2018, 2025, 2024, 2026]",2220.92
3503,"[2018, 2024, 2026, 2026, 2025]",2525.93
3504,"[2023, 2023, 2026, 2018, 2018]",3662.71
3505,"[2023, 2025, 2024, 2025, 2026]",2535.08
3506,"[2026, 2018, 2026, 2018, 2018]",3320.04
3507,"[2023, 2023, 2019, 2023, 2024]",3641.71
3508,"[2019, 2024, 2018, 2024, 2024]",2771.68
3509,"[2025, 2018, 2025, 2025, 2023]",3348.69
3510,"[2019, 2019, 2018, 2025, 2026]",2227.43
3511,"[2024, 2024, 2018, 2024, 2023]",3793.09
3512,"[2019, 2024, 2019, 2025, 2023]",3642.4
3513,"[2024, 2026, 2024, 2023, 2025]",2710.83
3514,"[2026, 2024, 2023, 2018, 2019]",3308.24
3515,"[2024, 2024, 2024, 2025, 2024]",2840.39
3516,"[2023, 2018, 2024, 2026, 2023]",4377.71
3517,"[2019, 2019, 2019, 2024, 2026]",2282.49
3518,"[2025, 2023, 2023, 2018, 2024]",3153.86
3519,"[2023, 2018, 2019, 2026, 2023]",4315.92
3520,"[2019, 2023, 2024, 2024, 2024]",3093.56
3521,"[2019, 2025, 2024, 2026, 2024]",2787.39
3522,"[2024, 2023, 2024, 2023, 2018]",3192.1
3523,"[2018, 2024, 2019, 2019, 2023]",3652.19
3524,"[2024, 2025, 2025, 2019, 2018]",2557.54
3525,"[2025, 2023, 2026, 2023, 2018]",3222.1
3526,"[2026, 2018, 2024, 2025, 2019]",2982.33
3527,"[2019, 2023, 2026, 2025, 2019]",3075.21
3528,"[2018, 2024, 2024, 2024, 2023]",3733.5
3529,"[2019, 2025, 2025, 2024, 2023]",3463.96
3530,"[2026, 2025, 2019, 2024, 2018]",3006.35
3531,"[2019, 2026, 2024, 2019, 2026]",2597.24
3532,"[2024, 2018, 2018, 2018, 2023]",3655.89
3533,"[2023, 2019, 2023, 2024, 2025]",2763.06
3534,"[2019, 2019, 2025, 2019, 2025]",2151.83
3535,"[2025, 2025, 2025, 2018, 2023]",3306.02
3536,"[2023, 2026, 2025, 2024, 2025]",2819.82
3537,"[2018, 2026, 2019, 2023, 2024]",3181.35
3538,"[2024, 2018, 2023, 2024, 2023]",4016.23
3539,"[2018, 2019, 2019, 2018, 2024]",2677.88
3540,"[2026, 2024, 2018, 2024, 2025]",2635.65
3541,"[2019, 2025, 2024, 2019, 2025]",2165.01
3542,"[2023, 2019, 2019, 2018, 2026]",2600.1
3543,"[2026, 2024, 2025, 2019, 2023]",4239.79
3544,"[2023, 2024, 2024, 2018, 2025]",2612.32
3545,"[2019, 2024, 2026, 2018, 2025]",2435.4
3546,"[2025, 2024, 2023, 2019, 2018]",2792.74
3547,"[2023, 2019, 2023, 2019, 2025]",2741.07
3548,"[2023, 2026, 2019, 2018, 2026]",2938.96
3549,"[2023, 2024, 2026, 2026, 2024]",3618.85
3550,"[2024, 2019, 2019, 2018, 2026]",2319.05
3551,"[2019, 2023, 2023, 2024, 2019]",3121.11
3552,"[2026, 2025, 2018, 2019, 2023]",4101.03
3553,"[2025, 2024, 2023, 2024, 2018]",2814.93
3554,"[2024, 2024, 2019, 2023, 2019]",2801.91
3555,"[2019, 2026, 2026, 2025, 2024]",3302.23
3556,"[2026, 2026, 2019, 2018, 2024]",3588.71
3557,"[2019, 2026, 2019, 2023, 2026]",2683.31
3558,"[2024, 2026, 2018, 2025, 2026]",2583.58
3559,"[2024, 2018, 2024, 2026, 2025]",2372.37
3560,"[2023, 2025, 2023, 2024, 2018]",3197.3
3561,"[2023, 2025, 2023, 2018, 2026]",2737.72
3562,"[2023, 2026, 2026, 2024, 2023]",5185.46
3563,"[2024, 2023, 2026, 2023, 2019]",3345.3
3564,"[2025, 2026, 2018, 2023, 2023]",4112.34
3565,"[2023, 2024, 2023, 2018, 2026]",2876.1
3566,"[2026, 2026, 2025, 2026, 2026]",3068.3
3567,"[2026, 2025, 2018, 2023, 2025]",2607.22
3568,"[2019, 2019, 2019, 2026, 2018]",2738.09
3569,"[2024, 2026, 2018, 2023, 2025]",2660.75
3570,"[2019, 2023, 2026, 2023, 2026]",2888.01
3571,"[2019, 2025, 2019, 2024, 2024]",2649.74
3572,"[2018, 2025, 2025, 2024, 2026]",2152.32
3573,"[2023, 2019, 2026, 2023, 2024]",3552.01
3574,"[2024, 2019, 2018, 2019, 2026]",2313.72
3575,"[2025, 2019, 2018, 2024, 2024]",2617.84
3576,"[2025, 2024, 2025, 2024, 2018]",2543.86
3577,"[2026, 2025, 2024, 2018, 2019]",2944.85
3578,"[2025, 2026, 2025, 2024, 2023]",3899.45
3579,"[2026, 2026, 2026, 2023, 2019]",3879.06
3580,"[2019, 2018, 2018, 2019, 2025]",2174.8
3581,"[2025, 2019, 2023, 2024, 2026]",2384.81
3582,"[2019, 2018, 2025, 2019, 2018]",2549.65
3583,"[2019, 2024, 2024, 2019, 2019]",2645.39
3584,"[2023, 2023, 2024, 2025, 2025]",2832.94
3585,"[2019, 2023, 2026, 2019, 2024]",3297.48
3586,"[2019, 2025, 2018, 2026, 2019]",2582.62
3587,"[2023, 2026, 2025, 2024, 2024]",3478.58
3588,"[2024, 2025, 2024, 2018, 2019]",2578.72
3589,"[2023, 2024, 2023, 2024, 2018]",3358.44
3590,"[2026, 2024, 2019, 2026, 2024]",3385.72
3591,"[2019, 2019, 2023, 2019, 2024]",2932.73
3592,"[2024, 2024, 2024, 2019, 2025]",2334.2
3593,"[2023, 2019, 2019, 2026, 2024]",3253.09
3594,"[2024, 2024, 2025, 2025, 2025]",2225.38
3595,"[2023, 2018, 2026, 2025, 2026]",2781.76
3596,"[2023, 2023, 2019, 2025, 2018]",3328.75
3597,"[2024, 2025, 2025, 2024, 2023]",3554.32
3598,"[2025, 2018, 2024, 2018, 2024]",2623.56
3599,"[2018, 2026, 2018, 2026, 2023]",4232.45
3600,"[2026, 2019, 2019, 2023, 2018]",3216.51
3601,"[2025, 2024, 2025, 2024, 2024]",2627.72
3602,"[2018, 2024, 2025, 2023, 2026]",2350.53
3603,"[2023, 2026, 2026, 2025, 2026]",3166.72
3604,"[2025, 2025, 2019, 2019, 2026]",2118.97
3605,"[2019, 2019, 2024, 2023, 2024]",2873.88
3606,"[2025, 2019, 2023, 2024, 2025]",2314.81
3607,"[2024, 2023, 2018, 2025, 2019]",2884.83
3608,"[2023, 2018, 2026, 2025, 2026]",2781.76
3609,"[2018, 2019, 2019, 2025, 2026]",2217.78
3610,"[2019, 2024, 2023, 2018, 2019]",2820.94
3611,"[2018, 2025, 2023, 2023, 2023]",3937.56
3612,"[2018, 2024, 2026, 2019, 2025]",2419.12
3613,"[2024, 2023, 2023, 2026, 2023]",4692.18
3614,"[2018, 2023, 2019, 2025, 2024]",2964.09
3615,"[2023, 2018, 2024, 2026, 2018]",3173.44
3616,"[2025, 2024, 2024, 2019, 2023]",3602.77
3617,"[2023, 2026, 2025, 2025, 2025]",2762.41
3618,"[2023, 2023, 2024, 2023, 2025]",3004.75
3619,"[2024, 2018, 2026, 2018, 2019]",2832.79
3620,"[2018, 2024, 2025, 2024, 2019]",2552.46
3621,"[2024, 2019, 2025, 2023, 2024]",2847.46
3622,"[2025, 2019, 2019, 2024, 2023]",3507.89
3623,"[2019, 2018, 2024, 2019, 2024]",2727.49
3624,"[2026, 2024, 2019, 2026, 2026]",2825.6
3625,"[2026, 2019, 2024, 2023, 2024]",3370.75
3626,"[2018, 2024, 2018, 2024, 2018]",2660.46
3627,"[2019, 2019, 2019, 2023, 2026]",2372.34
3628,"[2023, 2019, 2018, 2026, 2025]",2627.87
3629,"[2026, 2025, 2018, 2026, 2024]",3207.9
3630,"[2019, 2026, 2018, 2026, 2023]",4270.18
3631,"[2025, 2019, 2026, 2023, 2026]",2489.32
3632,"[2023, 2018, 2025, 2025, 2019]",2826.28
3633,"[2025, 2023, 2023, 2025, 2025]",2536.86
3634,"[2018, 2019, 2019, 2018, 2026]",2241.03
3635,"[2024, 2024, 2026, 2025, 2026]",2548.39
3636,"[2024, 2019, 2019, 2018, 2026]",2319.05
3637,"[2018, 2024, 2023, 2025, 2023]",3909.78
3638,"[2019, 2023, 2026, 2023, 2024]",3452.86
3639,"[2019, 2024, 2018, 2024, 2024]",2771.68
3640,"[2023, 2026, 2023, 2019, 2024]",3820.48
3641,"[2026, 2024, 2023, 2018, 2018]",3392.01
3642,"[2025, 2026, 2019, 2023, 2024]",3093.4
3643,"[2018, 2018, 2024, 2023, 2018]",2740.85
3644,"[2019, 2019, 2024, 2019, 2023]",3662.53
3645,"[2023, 2024, 2018, 2019, 2026]",2647.04
3646,"[2025, 2026, 2024, 2025, 2019]",2794.28
3647,"[2023, 2025, 2024, 2026, 2023]",4282.3
3648,"[2025, 2019, 2024, 2023, 2026]",2319.16
3649,"[2025, 2024, 2019, 2023, 2024]",2786.46
3650,"[2018, 2019, 2026, 2026, 2018]",2958.89
3651,"[2025, 2023, 2023, 2024, 2024]",3185.08
3652,"[2026, 2018, 2026, 2025, 2025]",2747.89
3653,"[2023, 2018, 2018, 2023, 2025]",2621.52
3654,"[2026, 2025, 2026, 2024, 2024]",3388.04
3655,"[2024, 2024, 2025, 2024, 2025]",2271.25
3656,"[2023, 2024, 2019, 2018, 2026]",2653.12
3657,"[2023, 2026, 2019, 2023, 2023]",4925.26
3658,"[2023, 2018, 2019, 2018, 2026]",2583.66
3659,"[2025, 2018, 2024, 2023, 2026]",2304.33
3660,"[2024, 2023, 2024, 2025, 2019]",2938.69
3661,"[2023, 2025, 2023, 2024, 2019]",3118.89
3662,"[2026, 2019, 2026, 2026, 2023]",4852.52
3663,"[2018, 2023, 2019, 2026, 2018]",3034.63
3664,"[2023, 2018, 2025, 2025, 2025]",2430.09
3665,"[2018, 2023, 2024, 2025, 2023]",4010.46
3666,"[2024, 2023, 2023, 2019, 2019]",3177.31
3667,"[2025, 2025, 2025, 2019, 2018]",2402.11
3668,"[2023, 2018, 2023, 2025, 2025]",2690.4
3669,"[2025, 2023, 2026, 2025, 2025]",2545.11
3670,"[2024, 2025, 2024, 2018, 2025]",2217.43
3671,"[2019, 2023, 2024, 2024, 2019]",2921.66
3672,"[2023, 2026, 2026, 2023, 2019]",3799.22
3673,"[2018, 2024, 2018, 2025, 2023]",3594.37
3674,"[2018, 2025, 2025, 2019, 2024]",2552.76
3675,"[2019, 2024, 2026, 2019, 2026]",2514.58
3676,"[2026, 2018, 2024, 2019, 2023]",4273.01
3677,"[2024, 2026, 2026, 2025, 2025]",2740.5
3678,"[2023, 2023, 2019, 2023, 2024]",3641.71
3679,"[2019, 2023, 2024, 2023, 2025]",2612.51
3680,"[2026, 2019, 2026, 2025, 2026]",2851.24
3681,"[2023, 2018, 2025, 2018, 2018]",2926.87
3682,"[2018, 2019, 2018, 2025, 2018]",2555.89
3683,"[2019, 2025, 2026, 2025, 2024]",2831.29
3684,"[2023, 2023, 2023, 2026, 2018]",3813.23
3685,"[2019, 2026, 2023, 2026, 2026]",2900.43
3686,"[2023, 2018, 2024, 2023, 2018]",3179.4
3687,"[2018, 2023, 2019, 2019, 2026]",2510.78
3688,"[2023, 2026, 2023, 2018, 2019]",3599.96
3689,"[2023, 2019, 2018, 2024, 2018]",3024.54
3690,"[2018, 2025, 2026, 2025, 2023]",3754.09
3691,"[2019, 2025, 2024, 2024, 2019]",2538.14
3692,"[2018, 2023, 2019, 2025, 2026]",2480.23
3693,"[2019, 2018, 2024, 2026, 2019]",2691.11
3694,"[2025, 2025, 2023, 2019, 2019]",2593.05
3695,"[2024, 2018, 2019, 2024, 2023]",3708.94
3696,"[2025, 2018, 2023, 2018, 2019]",2647.07
3697,"[2026, 2023, 2023, 2024, 2019]",3662.66
3698,"[2026, 2018, 2026, 2025, 2023]",4548.94
3699,"[2026, 2023, 2018, 2026, 2026]",3085.79
3700,"[2019, 2026, 2026, 2025, 2026]",2753.56
3701,"[2026, 2018, 2026, 2018, 2026]",2863.05
3702,"[2024, 2023, 2018, 2018, 2026]",2582.97
3703,"[2026, 2023, 2018, 2023, 2023]",4936.67
3704,"[2024, 2023, 2019, 2019, 2023]",4140.25
3705,"[2024, 2018, 2023, 2026, 2023]",4171.18
3706,"[2026, 2026, 2025, 2018, 2024]",3513.9
3707,"[2018, 2019, 2026, 2025, 2019]",2727.06
3708,"[2025, 2018, 2018, 2025, 2024]",2549.77
3709,"[2026, 2024, 2018, 2026, 2026]",2813.72
3710,"[2025, 2019, 2025, 2019, 2023]",3410.16
3711,"[2025, 2023, 2018, 2024, 2019]",2764.33
3712,"[2018, 2024, 2018, 2019, 2025]",2214.48
3713,"[2025, 2025, 2025, 2024, 2026]",2091.57
3714,"[2018, 2026, 2024, 2026, 2025]",2608.89
3715,"[2019, 2026, 2019, 2019, 2018]",2966.14
3716,"[2019, 2026, 2024, 2026, 2018]",3145.72
3717,"[2023, 2018, 2025, 2023, 2025]",2577.89
3718,"[2024, 2026, 2024, 2026, 2026]",2783.3
3719,"[2023, 2024, 2024, 2018, 2024]",3215.32
3720,"[2018, 2026, 2025, 2019, 2018]",2879.5
3721,"[2025, 2026, 2024, 2024, 2025]",2448.47
3722,"[2018, 2019, 2024, 2018, 2018]",2629.96
3723,"[2018, 2024, 2018, 2025, 2025]",2187.37
3724,"[2025, 2023, 2018, 2025, 2026]",2400.89
3725,"[2026, 2018, 2023, 2025, 2026]",2822.48
3726,"[2024, 2023, 2025, 2019, 2019]",2871.71
3727,"[2024, 2025, 2023, 2026, 2018]",2957.4
3728,"[2019, 2023, 2025, 2025, 2025]",2377.4
3729,"[2019, 2019, 2018, 2025, 2025]",2161.78
3730,"[2024, 2024, 2026, 2018, 2024]",3082.51
3731,"[2024, 2018, 2025, 2019, 2023]",3605.73
3732,"[2026, 2018, 2025, 2024, 2024]",3111.77
3733,"[2026, 2025, 2023, 2024, 2018]",3260.13
3734,"[2025, 2019, 2023, 2024, 2018]",2758.54
3735,"[2019, 2024, 2018, 2018, 2023]",3660.15
3736,"[2018, 2025, 2024, 2026, 2026]",2309.24
3737,"[2018, 2026, 2025, 2024, 2019]",2830.56
3738,"[2019, 2026, 2025, 2018, 2018]",2898.85
3739,"[2024, 2024, 2024, 2023, 2019]",2842.23
3740,"[2019, 2026, 2026, 2025, 2026]",2753.56
3741,"[2018, 2019, 2025, 2025, 2026]",2171.67
3742,"[2018, 2025, 2019, 2018, 2023]",3470.0
3743,"[2024, 2023, 2019, 2025, 2024]",3067.94
3744,"[2023, 2026, 2025, 2019, 2026]",2882.72
3745,"[2025, 2023, 2026, 2026, 2019]",3135.8
3746,"[2023, 2026, 2019, 2026, 2019]",3476.49
3747,"[2019, 2019, 2023, 2025, 2018]",2805.78
3748,"[2026, 2024, 2025, 2026, 2026]",2766.56
3749,"[2025, 2024, 2019, 2023, 2018]",2697.99
3750,"[2024, 2018, 2025, 2023, 2019]",2671.97
3751,"[2019, 2024, 2023, 2024, 2025]",2451.1
3752,"[2018, 2026, 2026, 2026, 2024]",3465.36
3753,"[2026, 2023, 2023, 2026, 2026]",3360.58
3754,"[2018, 2019, 2023, 2023, 2023]",4052.37
3755,"[2019, 2023, 2024, 2026, 2018]",3105.11
3756,"[2019, 2018, 2019, 2023, 2018]",2725.43
3757,"[2025, 2025, 2018, 2018, 2023]",3359.3
3758,"[2025, 2025, 2026, 2018, 2024]",2756.42
3759,"[2019, 2018, 2023, 2024, 2026]",2458.72
3760,"[2019, 2024, 2023, 2024, 2023]",4021.1
3761,"[2026, 2025, 2025, 2018, 2019]",2842.29
3762,"[2023, 2026, 2018, 2026, 2025]",2970.66
3763,"[2025, 2026, 2025, 2025, 2024]",2857.98
3764,"[2023, 2023, 2026, 2026, 2023]",5302.06
3765,"[2023, 2019, 2019, 2023, 2023]",4340.42
3766,"[2018, 2018, 2026, 2018, 2023]",3873.91
3767,"[2025, 2023, 2018, 2019, 2026]",2430.48
3768,"[2023, 2024, 2018, 2026, 2026]",2763.17
3769,"[2018, 2023, 2018, 2018, 2024]",2980.9
3770,"[2025, 2024, 2026, 2019, 2024]",2901.35
3771,"[2023, 2024, 2024, 2025, 2026]",2663.43
3772,"[2025, 2026, 2024, 2025, 2025]",2398.59
3773,"[2018, 2019, 2026, 2018, 2023]",3900.13
3774,"[2025, 2024, 2026, 2024, 2019]",2760.4
3775,"[2023, 2018, 2019, 2023, 2026]",2711.6
3776,"[2023, 2023, 2018, 2023, 2024]",3626.03
3777,"[2024, 2018, 2025, 2024, 2025]",2211.76
3778,"[2026, 2024, 2025, 2019, 2024]",3171.25
3779,"[2024, 2025, 2019, 2018, 2023]",3591.91
3780,"[2019, 2026, 2026, 2018, 2019]",3147.28
3781,"[2025, 2025, 2019, 2025, 2018]",2423.42
3782,"[2019, 2024, 2026, 2026, 2026]",2626.24
3783,"[2019, 2026, 2019, 2025, 2025]",2453.13
3784,"[2025, 2023, 2025, 2026, 2026]",2495.03
3785,"[2024, 2019, 2019, 2018, 2018]",2683.24
3786,"[2026, 2025, 2018, 2024, 2025]",2507.24
3787,"[2026, 2024, 2026, 2018, 2019]",3325.57
3788,"[2026, 2019, 2018, 2019, 2018]",3057.98
3789,"[2026, 2018, 2025, 2019, 2023]",4126.62
3790,"[2019, 2019, 2024, 2024, 2023]",3691.16
3791,"[2026, 2026, 2019, 2019, 2026]",3000.1
3792,"[2018, 2023, 2024, 2024, 2026]",2567.3
3793,"[2019, 2024, 2024, 2024, 2025]",2293.21
3794,"[2018, 2026, 2025, 2023, 2026]",2604.71
3795,"[2024, 2018, 2019, 2023, 2018]",2796.52
3796,"[2024, 2024, 2019, 2018, 2019]",2670.69
3797,"[2018, 2023, 2023, 2023, 2018]",3293.88
3798,"[2024, 2024, 2025, 2026, 2025]",2351.82
3799,"[2019, 2024, 2025, 2024, 2023]",3638.15
3800,"[2023, 2019, 2024, 2018, 2019]",2975.95
3801,"[2019, 2018, 2023, 2026, 2019]",2874.77
3802,"[2025, 2018, 2026, 2018, 2025]",2285.28
3803,"[2025, 2018, 2018, 2025, 2026]",2132.83
3804,"[2025, 2019, 2026, 2024, 2026]",2394.12
3805,"[2019, 2025, 2025, 2018, 2025]",2085.86
3806,"[2018, 2018, 2024, 2023, 2026]",2370.86
3807,"[2026, 2023, 2024, 2024, 2025]",2945.16
3808,"[2026, 2025, 2023, 2025, 2024]",3301.43
3809,"[2023, 2018, 2024, 2018, 2018]",3031.17
3810,"[2019, 2018, 2026, 2025, 2018]",2802.46
3811,"[2024, 2018, 2018, 2024, 2018]",2680.89
3812,"[2024, 2023, 2018, 2023, 2023]",4309.7
3813,"[2024, 2018, 2024, 2026, 2024]",2925.08
3814,"[2024, 2025, 2025, 2024, 2018]",2577.94
3815,"[2024, 2025, 2026, 2018, 2024]",2934.47
3816,"[2026, 2019, 2025, 2026, 2024]",3249.03
3817,"[2018, 2019, 2018, 2018, 2025]",2166.25
3818,"[2018, 2025, 2019, 2018, 2023]",3470.0
3819,"[2026, 2023, 2026, 2025, 2026]",3191.02
3820,"[2025, 2026, 2019, 2018, 2023]",3940.92
3821,"[2026, 2018, 2026, 2026, 2026]",2996.67
3822,"[2019, 2023, 2026, 2019, 2023]",4406.03
3823,"[2026, 2026, 2025, 2024, 2019]",3348.64
3824,"[2019, 2024, 2018, 2026, 2026]",2402.12
3825,"[2026, 2018, 2018, 2024, 2023]",4226.27
3826,"[2018, 2025, 2018, 2018, 2023]",3454.47
3827,"[2018, 2019, 2025, 2019, 2019]",2481.59
3828,"[2024, 2026, 2018, 2018, 2026]",2610.92
3829,"[2019, 2024, 2018, 2018, 2023]",3660.15
3830,"[2025, 2019, 2026, 2024, 2023]",3831.28
3831,"[2019, 2025, 2024, 2026, 2025]",2259.85
3832,"[2025, 2018, 2019, 2023, 2018]",2626.75
3833,"[2019, 2025, 2019, 2024, 2018]",2565.27
3834,"[2019, 2026, 2026, 2026, 2023]",4688.08
3835,"[2026, 2019, 2025, 2018, 2026]",2590.55
3836,"[2019, 2026, 2024, 2023, 2025]",2641.92
3837,"[2023, 2024, 2025, 2018, 2023]",4141.16
3838,"[2018, 2024, 2019, 2024, 2025]",2241.51
3839,"[2023, 2019, 2019, 2019, 2018]",3013.52
3840,"[2026, 2018, 2019, 2026, 2018]",3189.41
3841,"[2026, 2026, 2018, 2025, 2024]",3537.24
3842,"[2024, 2025, 2019, 2018, 2024]",2692.08
3843,"[2018, 2025, 2023, 2018, 2019]",2662.28
3844,"[2018, 2026, 2024, 2024, 2025]",2518.91
3845,"[2025, 2025, 2018, 2018, 2019]",2377.45
3846,"[2025, 2024, 2018, 2019, 2018]",2565.85
3847,"[2019, 2025, 2018, 2023, 2023]",3651.98
3848,"[2019, 2023, 2025, 2018, 2025]",2402.54
3849,"[2025, 2026, 2025, 2025, 2024]",2857.98
3850,"[2024, 2023, 2018, 2018, 2025]",2507.23
3851,"[2018, 2025, 2023, 2019, 2019]",2667.42
3852,"[2018, 2025, 2023, 2025, 2024]",2790.94
3853,"[2019, 2024, 2023, 2025, 2023]",3944.49
3854,"[2023, 2024, 2025, 2025, 2023]",4102.65
3855,"[2025, 2023, 2023, 2026, 2018]",3196.95
3856,"[2018, 2018, 2024, 2018, 2026]",2258.9
3857,"[2025, 2025, 2024, 2026, 2019]",2535.74
3858,"[2026, 2019, 2024, 2018, 2018]",3109.57
3859,"[2018, 2019, 2018, 2019, 2026]",2235.88
3860,"[2023, 2019, 2019, 2024, 2025]",2548.69
3861,"[2018, 2018, 2024, 2026, 2019]",2668.03
3862,"[2026, 2023, 2023, 2018, 2024]",3840.72
3863,"[2024, 2018, 2024, 2018, 2025]",2268.88
3864,"[2023, 2025, 2024, 2018, 2024]",3060.93
3865,"[2026, 2026, 2024, 2024, 2019]",3470.18
3866,"[2018, 2026, 2018, 2023, 2026]",2649.11
3867,"[2019, 2018, 2018, 2018, 2018]",2587.1
3868,"[2019, 2018, 2019, 2023, 2018]",2725.43
3869,"[2024, 2023, 2018, 2026, 2018]",3127.54
3870,"[2023, 2024, 2024, 2025, 2025]",2585.02
3871,"[2023, 2024, 2025, 2023, 2023]",4339.61
3872,"[2026, 2023, 2019, 2023, 2019]",3510.06
3873,"[2026, 2026, 2025, 2025, 2023]",4661.61
3874,"[2024, 2019, 2025, 2018, 2019]",2563.24
3875,"[2023, 2026, 2018, 2023, 2023]",4902.99
3876,"[2024, 2018, 2024, 2026, 2018]",2831.39
3877,"[2024, 2026, 2025, 2019, 2024]",3079.37
3878,"[2023, 2023, 2025, 2026, 2023]",4756.84
3879,"[2018, 2019, 2025, 2023, 2019]",2598.56
3880,"[2025, 2019, 2026, 2025, 2024]",2809.23
3881,"[2019, 2026, 2019, 2024, 2025]",2504.12
3882,"[2024, 2019, 2024, 2024, 2026]",2375.78
3883,"[2019, 2026, 2026, 2026, 2023]",4688.08
3884,"[2024, 2018, 2025, 2019, 2025]",2194.06
3885,"[2026, 2025, 2026, 2025, 2018]",3212.8
3886,"[2018, 2023, 2018, 2019, 2023]",3981.57
3887,"[2024, 2018, 2026, 2026, 2026]",2623.76
3888,"[2026, 2023, 2019, 2025, 2024]",3507.78
3889,"[2025, 2018, 2026, 2026, 2018]",2857.94
3890,"[2023, 2026, 2025, 2018, 2018]",3333.54
3891,"[2019, 2025, 2026, 2024, 2019]",2726.33
3892,"[2024, 2024, 2024, 2025, 2018]",2749.74
3893,"[2018, 2023, 2018, 2026, 2024]",3121.4
3894,"[2019, 2024, 2019, 2025, 2024]",2728.92
3895,"[2019, 2024, 2023, 2018, 2025]",2427.16
3896,"[2023, 2025, 2018, 2025, 2024]",2974.91
3897,"[2026, 2023, 2026, 2026, 2024]",4048.04
3898,"[2024, 2026, 2026, 2026, 2026]",2989.07
3899,"[2025, 2023, 2018, 2024, 2023]",3902.7
3900,"[2024, 2023, 2026, 2018, 2025]",2738.56
3901,"[2024, 2026, 2025, 2024, 2019]",2929.64
3902,"[2019, 2018, 2025, 2026, 2018]",2664.49
3903,"[2019, 2018, 2024, 2018, 2025]",2211.22
3904,"[2018, 2024, 2024, 2019, 2024]",2777.31
3905,"[2018, 2019, 2025, 2018, 2026]",2194.47
3906,"[2023, 2024, 2025, 2025, 2023]",4102.65
3907,"[2019, 2019, 2018, 2026, 2024]",2816.57
3908,"[2018, 2024, 2018, 2019, 2026]",2281.53
3909,"[2018, 2025, 2018, 2023, 2023]",3619.99
3910,"[2023, 2018, 2025, 2019, 2026]",2534.74
3911,"[2025, 2019, 2023, 2019, 2024]",2826.7
3912,"[2024, 2024, 2018, 2026, 2026]",2464.77
3913,"[2025, 2023, 2024, 2026, 2018]",2992.96
3914,"[2025, 2019, 2018, 2026, 2026]",2268.52
3915,"[2024, 2025, 2019, 2024, 2025]",2207.51
3916,"[2018, 2024, 2024, 2023, 2026]",2434.8
3917,"[2018, 2023, 2019, 2024, 2019]",2855.44
3918,"[2026, 2024, 2024, 2024, 2026]",2767.18
3919,"[2026, 2026, 2018, 2023, 2026]",3132.39
3920,"[2018, 2018, 2024, 2025, 2019]",2523.2
3921,"[2023, 2025, 2026, 2026, 2024]",3445.42
3922,"[2023, 2019, 2023, 2025, 2018]",3226.67
3923,"[2025, 2025, 2025, 2018, 2023]",3306.02
3924,"[2023, 2024, 2018, 2019, 2024]",3162.45
3925,"[2023, 2026, 2026, 2025, 2018]",3673.84
3926,"[2025, 2025, 2025, 2018, 2026]",2070.99
3927,"[2023, 2025, 2026, 2024, 2024]",3321.7
3928,"[2026, 2026, 2019, 2024, 2025]",2934.15
3929,"[2019, 2024, 2018, 2024, 2026]",2319.48
3930,"[2024, 2018, 2025, 2024, 2019]",2572.07
3931,"[2019, 2019, 2025, 2026, 2019]",2615.34
3932,"[2018, 2018, 2025, 2025, 2023]",3443.57
3933,"[2025, 2023, 2019, 2019, 2026]",2440.55
3934,"[2023, 2018, 2019, 2025, 2023]",4076.28
3935,"[2023, 2025, 2024, 2023, 2023]",4277.77
3936,"[2018, 2023, 2024, 2026, 2019]",3002.12
3937,"[2023, 2023, 2018, 2024, 2026]",2923.97
3938,"[2019, 2025, 2024, 2026, 2026]",2328.96
3939,"[2018, 2018, 2018, 2019, 2019]",2506.85
3940,"[2026, 2026, 2026, 2023, 2018]",3978.59
3941,"[2019, 2018, 2023, 2023, 2023]",4060.83
3942,"[2024, 2023, 2023, 2025, 2018]",3218.5
3943,"[2024, 2023, 2023, 2018, 2026]",2811.58
3944,"[2019, 2024, 2024, 2026, 2018]",2834.22
3945,"[2019, 2025, 2024, 2019, 2024]",2666.7
3946,"[2024, 2025, 2018, 2024, 2019]",2556.43
3947,"[2026, 2026, 2026, 2023, 2018]",3978.59
3948,"[2018, 2019, 2019, 2023, 2025]",2283.39
3949,"[2024, 2024, 2023, 2023, 2018]",3112.42
3950,"[2026, 2024, 2019, 2019, 2018]",3134.35
3951,"[2024, 2019, 2025, 2018, 2025]",2203.93
3952,"[2026, 2026, 2026, 2018, 2025]",3165.01
3953,"[2023, 2026, 2025, 2026, 2019]",3404.51
3954,"[2025, 2025, 2023, 2023, 2018]",2783.21
3955,"[2026, 2026, 2024, 2023, 2025]",3096.86
3956,"[2018, 2018, 2025, 2019, 2024]",2611.07
3957,"[2026, 2023, 2018, 2024, 2025]",2891.04
3958,"[2024, 2023, 2018, 2023, 2023]",4309.7
3959,"[2018, 2019, 2026, 2023, 2025]",2485.27
3960,"[2024, 2026, 2026, 2026, 2025]",2898.91
3961,"[2018, 2023, 2018, 2025, 2025]",2397.46
3962,"[2024, 2023, 2023, 2019, 2025]",2734.24
3963,"[2023, 2025, 2019, 2025, 2025]",2425.4
3964,"[2018, 2023, 2023, 2018, 2024]",3243.45
3965,"[2024, 2025, 2026, 2018, 2018]",2840.21
3966,"[2023, 2019, 2018, 2023, 2024]",3244.05
3967,"[2024, 2023, 2026, 2024, 2025]",2765.86
3968,"[2026, 2026, 2023, 2018, 2026]",3250.94
3969,"[2026, 2025, 2025, 2018, 2023]",4026.99
3970,"[2019, 2026, 2019, 2024, 2018]",2989.95
3971,"[2019, 2024, 2018, 2018, 2019]",2591.78
3972,"[2023, 2024, 2018, 2025, 2018]",3025.51
3973,"[2025, 2019, 2019, 2018, 2025]",2113.81
3974,"[2018, 2024, 2024, 2024, 2024]",2799.35
3975,"[2018, 2023, 2023, 2018, 2023]",4321.19
3976,"[2026, 2019, 2019, 2018, 2018]",3065.12
3977,"[2024, 2019, 2019, 2026, 2018]",2809.51
3978,"[2018, 2019, 2024, 2026, 2019]",2685.44
3979,"[2023, 2024, 2023, 2023, 2023]",4795.37
3980,"[2018, 2023, 2023, 2019, 2026]",2721.55
3981,"[2026, 2018, 2018, 2024, 2025]",2565.98
3982,"[2026, 2018, 2019, 2026, 2018]",3189.41
3983,"[2026, 2025, 2026, 2018, 2025]",2714.35
3984,"[2023, 2026, 2023, 2019, 2025]",3099.86
3985,"[2025, 2023, 2024, 2023, 2018]",2998.6
3986,"[2026, 2024, 2019, 2025, 2025]",2592.8
3987,"[2024, 2019, 2019, 2024, 2024]",2799.04
3988,"[2023, 2026, 2025, 2019, 2024]",3450.95
3989,"[2025, 2025, 2025, 2018, 2023]",3306.02
3990,"[2025, 2023, 2026, 2019, 2024]",3178.52
3991,"[2019, 2026, 2024, 2025, 2019]",2899.12
3992,"[2023, 2026, 2023, 2026, 2023]",5340.75
3993,"[2023, 2026, 2025, 2018, 2019]",3250.85
3994,"[2024, 2019, 2026, 2018, 2026]",2523.81
3995,"[2023, 2019, 2025, 2018, 2026]",2546.13
3996,"[2025, 2025, 2024, 2023, 2023]",3587.15
3997,"[2018, 2018, 2025, 2018, 2018]",2522.96
3998,"[2026, 2019, 2023, 2023, 2023]",4804.77
3999,"[2018, 2024, 2018, 2018, 2026]",2277.34
4000,"[2018, 2025, 2018, 2019, 2018]",2512.52
4001,"[2025, 2025, 2018, 2025, 2026]",2084.42
4002,"[2024, 2023, 2019, 2018, 2025]",2517.54
4003,"[2025, 2018, 2023, 2025, 2026]",2322.06
4004,"[2026, 2019, 2024, 2026, 2025]",2724.88
4005,"[2026, 2026, 2019, 2024, 2026]",3024.64
4006,"[2026, 2018, 2024, 2026, 2018]",3235.59
4007,"[2023, 2019, 2018, 2023, 2025]",2638.23
4008,"[2018, 2018, 2023, 2023, 2025]",2459.47
4009,"[2023, 2025, 2026, 2019, 2018]",3189.57
4010,"[2018, 2026, 2024, 2018, 2024]",3075.94
4011,"[2026, 2018, 2024, 2019, 2018]",3095.37
4012,"[2023, 2024, 2025, 2018, 2018]",3005.9
4013,"[2023, 2019, 2023, 2019, 2023]",4494.75
4014,"[2025, 2019, 2023, 2023, 2019]",2795.04
4015,"[2019, 2023, 2019, 2019, 2023]",4034.98
4016,"[2019, 2019, 2026, 2019, 2025]",2391.03
4017,"[2018, 2026, 2023, 2023, 2025]",2800.84
4018,"[2023, 2025, 2018, 2018, 2018]",2909.09
4019,"[2025, 2024, 2018, 2026, 2025]",2246.27
4020,"[2018, 2024, 2023, 2025, 2024]",2931.69
4021,"[2026, 2025, 2023, 2018, 2024]",3334.63
4022,"[2023, 2025, 2026, 2023, 2024]",3450.77
4023,"[2018, 2018, 2025, 2026, 2026]",2280.72
4024,"[2025, 2024, 2019, 2019, 2026]",2226.57
4025,"[2023, 2026, 2018, 2023, 2024]",3673.93
4026,"[2018, 2026, 2024, 2018, 2025]",2494.02
4027,"[2023, 2018, 2023, 2026, 2024]",3501.2
4028,"[2024, 2024, 2019, 2025, 2025]",2272.78
4029,"[2019, 2018, 2024, 2018, 2023]",3630.26
4030,"[2026, 2026, 2018, 2018, 2026]",2981.9
4031,"[2019, 2025, 2026, 2019, 2023]",3831.38
4032,"[2019, 2019, 2018, 2024, 2019]",2565.08
4033,"[2019, 2023, 2026, 2019, 2023]",4406.03
4034,"[2018, 2019, 2023, 2019, 2019]",2745.99
4035,"[2018, 2024, 2026, 2019, 2019]",2816.68
4036,"[2023, 2025, 2023, 2018, 2019]",3088.34
4037,"[2019, 2025, 2024, 2023, 2018]",2703.05
4038,"[2019, 2019, 2023, 2019, 2024]",2932.73
4039,"[2018, 2019, 2023, 2023, 2018]",2946.88
4040,"[2025, 2025, 2019, 2019, 2025]",2056.47
4041,"[2024, 2026, 2026, 2026, 2024]",3587.11
4042,"[2024, 2018, 2024, 2024, 2024]",2820.84
4043,"[2024, 2018, 2025, 2025, 2018]",2584.96
4044,"[2024, 2025, 2018, 2018, 2026]",2242.86
4045,"[2023, 2026, 2018, 2019, 2025]",2845.24
4046,"[2018, 2026, 2019, 2019, 2018]",2940.51
4047,"[2023, 2024, 2024, 2024, 2026]",2717.91
4048,"[2024, 2023, 2023, 2023, 2025]",2864.5
4049,"[2018, 2024, 2025, 2023, 2023]",3741.86
4050,"[2018, 2023, 2023, 2024, 2019]",3094.04
4051,"[2026, 2025, 2024, 2024, 2024]",3151.15
4052,"[2026, 2019, 2026, 2026, 2018]",3501.59
4053,"[2018, 2018, 2025, 2024, 2025]",2137.43
4054,"[2023, 2023, 2018, 2024, 2023]",4653.42
4055,"[2018, 2026, 2019, 2018, 2024]",3032.0
4056,"[2019, 2024, 2025, 2023, 2019]",2674.53
4057,"[2019, 2023, 2023, 2019, 2024]",3278.35
4058,"[2026, 2023, 2023, 2019, 2024]",3848.32
4059,"[2024, 2023, 2026, 2025, 2018]",3235.75
4060,"[2026, 2019, 2026, 2023, 2024]",3624.86
4061,"[2026, 2024, 2025, 2023, 2019]",3135.36
4062,"[2023, 2025, 2023, 2018, 2024]",3269.76
4063,"[2019, 2026, 2019, 2019, 2019]",2892.51
4064,"[2023, 2026, 2026, 2025, 2024]",3796.74
4065,"[2024, 2018, 2023, 2023, 2023]",4166.77
4066,"[2023, 2019, 2024, 2024, 2025]",2585.39
4067,"[2026, 2023, 2018, 2019, 2019]",3337.17
4068,"[2026, 2026, 2023, 2026, 2023]",5464.16
4069,"[2019, 2024, 2026, 2023, 2024]",3152.2
4070,"[2024, 2018, 2018, 2026, 2026]",2400.03
4071,"[2018, 2024, 2023, 2018, 2018]",2866.95
4072,"[2018, 2025, 2019, 2025, 2025]",2090.3
4073,"[2018, 2026, 2025, 2024, 2023]",4009.28
4074,"[2023, 2023, 2025, 2019, 2018]",3299.63
4075,"[2026, 2018, 2023, 2018, 2023]",4553.42
4076,"[2025, 2018, 2019, 2026, 2018]",2621.81
4077,"[2019, 2018, 2018, 2023, 2025]",2278.76
4078,"[2025, 2023, 2024, 2026, 2023]",4130.09
4079,"[2018, 2024, 2026, 2025, 2026]",2462.46
4080,"[2025, 2025, 2026, 2025, 2019]",2575.13
4081,"[2023, 2024, 2018, 2026, 2024]",3305.13
4082,"[2023, 2023, 2025, 2023, 2024]",3567.3
4083,"[2018, 2024, 2019, 2026, 2018]",2769.99
4084,"[2025, 2019, 2024, 2019, 2018]",2561.57
4085,"[2026, 2024, 2018, 2018, 2024]",3217.9
4086,"[2023, 2018, 2019, 2019, 2023]",4123.29
4087,"[2026, 2019, 2023, 2023, 2025]",2925.31
4088,"[2024, 2018, 2019, 2019, 2019]",2605.4
4089,"[2023, 2026, 2018, 2018, 2023]",4677.8
4090,"[2019, 2023, 2018, 2019, 2018]",2917.07
4091,"[2018, 2024, 2018, 2024, 2019]",2595.09
4092,"[2018, 2019, 2018, 2019, 2018]",2586.67
4093,"[2025, 2026, 2024, 2023, 2024]",3138.25
4094,"[2018, 2019, 2026, 2019, 2024]",2924.39
4095,"[2018, 2018, 2026, 2018, 2019]",2737.05
4096,"[2024, 2025, 2025, 2023, 2023]",3688.11
4097,"[2018, 2026, 2019, 2026, 2023]",4251.69
4098,"[2018, 2025, 2024, 2023, 2023]",3688.51
4099,"[2026, 2026, 2026, 2023, 2023]",5506.9
4100,"[2026, 2026, 2025, 2025, 2018]",3365.7
4101,"[2018, 2019, 2024, 2024, 2018]",2656.05
4102,"[2023, 2026, 2018, 2018, 2019]",3305.64
4103,"[2026, 2018, 2023, 2018, 2023]",4553.42
4104,"[2019, 2024, 2023, 2024, 2026]",2525.15
4105,"[2018, 2018, 2019, 2023, 2023]",3717.49
4106,"[2023, 2018, 2025, 2024, 2025]",2480.03
4107,"[2018, 2025, 2024, 2023, 2018]",2679.86
4108,"[2019, 2018, 2018, 2026, 2026]",2339.03
4109,"[2024, 2024, 2024, 2025, 2018]",2749.74
4110,"[2019, 2025, 2026, 2025, 2023]",3787.34
4111,"[2019, 2019, 2024, 2025, 2025]",2201.99
4112,"[2025, 2023, 2019, 2025, 2018]",2789.99
4113,"[2019, 2018, 2024, 2019, 2019]",2575.7
4114,"[2024, 2023, 2018, 2024, 2026]",2608.46
4115,"[2024, 2026, 2023, 2019, 2024]",3409.59
4116,"[2024, 2019, 2024, 2023, 2019]",2785.33
4117,"[2019, 2026, 2024, 2023, 2026]",2722.34
4118,"[2026, 2025, 2023, 2024, 2018]",3260.13
4119,"[2019, 2023, 2019, 2019, 2018]",2929.52
4120,"[2018, 2025, 2025, 2026, 2026]",2229.22
4121,"[2026, 2025, 2018, 2026, 2019]",3026.84
4122,"[2018, 2024, 2018, 2023, 2018]",2763.3
4123,"[2024, 2023, 2018, 2019, 2026]",2587.72
4124,"[2023, 2018, 2019, 2023, 2019]",3057.77
4125,"[2019, 2025, 2019, 2024, 2023]",3535.55
4126,"[2018, 2019, 2019, 2018, 2023]",3571.47
4127,"[2026, 2026, 2024, 2025, 2019]",3400.54
4128,"[2026, 2025, 2026, 2019, 2018]",3252.18
4129,"[2024, 2025, 2025, 2025, 2025]",2117.78
4130,"[2025, 2025, 2026, 2026, 2025]",2336.91
4131,"[2026, 2026, 2025, 2024, 2025]",2871.98
4132,"[2025, 2023, 2019, 2018, 2024]",2910.69
4133,"[2019, 2019, 2019, 2023, 2019]",2676.02
4134,"[2024, 2023, 2025, 2018, 2026]",2539.85
4135,"[2019, 2025, 2023, 2018, 2025]",2310.11
4136,"[2025, 2026, 2023, 2019, 2019]",3023.67
4137,"[2023, 2023, 2025, 2023, 2024]",3567.3
4138,"[2024, 2026, 2018, 2023, 2018]",3173.89
4139,"[2018, 2024, 2026, 2023, 2018]",3025.03
4140,"[2024, 2024, 2023, 2025, 2023]",4047.4
4141,"[2023, 2023, 2023, 2018, 2023]",5011.07
4142,"[2023, 2018, 2018, 2019, 2023]",4104.87
4143,"[2025, 2019, 2026, 2019, 2026]",2374.82
4144,"[2018, 2025, 2024, 2023, 2018]",2679.86
4145,"[2019, 2024, 2024, 2025, 2026]",2315.27
4146,"[2023, 2023, 2024, 2025, 2026]",2918.68
4147,"[2025, 2025, 2024, 2024, 2026]",2166.92
4148,"[2026, 2025, 2018, 2024, 2019]",2919.19
4149,"[2025, 2019, 2023, 2024, 2019]",2690.79
4150,"[2019, 2018, 2025, 2019, 2018]",2549.65
4151,"[2026, 2019, 2024, 2023, 2025]",2735.74
4152,"[2018, 2025, 2019, 2024, 2026]",2198.01
4153,"[2024, 2019, 2019, 2026, 2023]",3878.32
4154,"[2023, 2025, 2024, 2024, 2018]",2992.94
4155,"[2025, 2024, 2024, 2026, 2025]",2288.18
4156,"[2025, 2026, 2026, 2019, 2026]",2687.29
4157,"[2026, 2026, 2018, 2024, 2019]",3405.47
4158,"[2025, 2026, 2026, 2019, 2025]",2606.69
4159,"[2026, 2023, 2026, 2023, 2018]",3924.26
4160,"[2023, 2019, 2018, 2019, 2023]",4132.43
4161,"[2018, 2019, 2025, 2026, 2026]",2295.3
4162,"[2026, 2025, 2019, 2018, 2025]",2492.78
4163,"[2023, 2018, 2025, 2024, 2019]",2883.24
4164,"[2024, 2019, 2023, 2025, 2018]",2878.96
4165,"[2023, 2024, 2018, 2019, 2024]",3162.45
4166,"[2025, 2023, 2018, 2023, 2025]",2471.81
4167,"[2026, 2024, 2023, 2018, 2024]",3504.02
4168,"[2024, 2025, 2025, 2024, 2019]",2514.36
4169,"[2026, 2026, 2019, 2026, 2024]",3760.83
4170,"[2024, 2026, 2019, 2019, 2023]",4203.62
4171,"[2024, 2023, 2023, 2024, 2024]",3390.48
4172,"[2025, 2024, 2019, 2024, 2026]",2244.49
4173,"[2018, 2018, 2018, 2024, 2018]",2590.39
4174,"[2019, 2024, 2026, 2024, 2023]",4055.41
4175,"[2024, 2019, 2024, 2026, 2024]",2944.31
4176,"[2024, 2024, 2019, 2025, 2019]",2643.85
4177,"[2023, 2023, 2023, 2018, 2024]",3761.94
4178,"[2023, 2026, 2025, 2019, 2018]",3340.1
4179,"[2025, 2019, 2024, 2024, 2023]",3558.23
4180,"[2026, 2026, 2023, 2025, 2019]",3636.83
4181,"[2025, 2026, 2023, 2019, 2023]",4279.0
4182,"[2018, 2019, 2026, 2025, 2023]",3863.66
4183,"[2019, 2024, 2024, 2026, 2018]",2834.22
4184,"[2023, 2023, 2018, 2025, 2018]",3314.66
4185,"[2018, 2026, 2019, 2019, 2024]",3038.03
4186,"[2019, 2019, 2026, 2024, 2023]",3974.24
4187,"[2024, 2024, 2019, 2024, 2018]",2765.25
4188,"[2025, 2023, 2023, 2019, 2024]",3160.07
4189,"[2019, 2019, 2023, 2025, 2026]",2425.06
4190,"[2019, 2019, 2018, 2025, 2019]",2514.39
4191,"[2023, 2024, 2019, 2026, 2026]",2774.72
4192,"[2024, 2025, 2023, 2025, 2024]",2888.6
4193,"[2026, 2025, 2026, 2026, 2018]",3400.91
4194,"[2019, 2026, 2026, 2026, 2024]",3495.91
4195,"[2023, 2025, 2019, 2024, 2018]",2950.5
4196,"[2018, 2019, 2026, 2018, 2025]",2366.39
4197,"[2019, 2026, 2026, 2025, 2018]",3195.2
4198,"[2025, 2023, 2023, 2018, 2024]",3153.86
4199,"[2019, 2019, 2018, 2023, 2024]",2820.91
4200,"[2026, 2023, 2019, 2018, 2024]",3543.05
4201,"[2024, 2019, 2026, 2026, 2019]",2986.1
4202,"[2023, 2019, 2024, 2019, 2025]",2564.75
4203,"[2019, 2024, 2026, 2019, 2024]",3010.13
4204,"[2026, 2023, 2024, 2025, 2024]",3558.49
4205,"[2024, 2018, 2024, 2026, 2018]",2831.39
4206,"[2024, 2023, 2026, 2024, 2024]",3410.55
4207,"[2023, 2025, 2026, 2025, 2019]",3072.97
4208,"[2026, 2026, 2025, 2024, 2023]",4753.42
4209,"[2024, 2023, 2019, 2023, 2025]",2642.63
4210,"[2025, 2026, 2018, 2026, 2023]",4116.72
4211,"[2025, 2025, 2024, 2018, 2026]",2145.63
4212,"[2019, 2023, 2023, 2019, 2026]",2745.13
4213,"[2025, 2026, 2019, 2025, 2025]",2364.11
4214,"[2026, 2019, 2025, 2023, 2023]",4345.5
4215,"[2018, 2018, 2023, 2025, 2024]",2854.27
4216,"[2018, 2019, 2019, 2023, 2025]",2283.39
4217,"[2023, 2018, 2026, 2025, 2025]",2699.15
4218,"[2026, 2024, 2019, 2019, 2023]",4327.84
4219,"[2025, 2024, 2019, 2026, 2024]",2782.17
4220,"[2023, 2025, 2019, 2025, 2024]",2987.66
4221,"[2026, 2018, 2018, 2024, 2023]",4226.27
4222,"[2024, 2025, 2026, 2019, 2019]",2775.11
4223,"[2019, 2023, 2025, 2025, 2019]",2765.25
4224,"[2025, 2019, 2023, 2023, 2019]",2795.04
4225,"[2019, 2024, 2019, 2018, 2019]",2602.81
4226,"[2024, 2023, 2018, 2025, 2023]",4074.76
4227,"[2018, 2018, 2026, 2019, 2023]",3882.26
4228,"[2018, 2019, 2023, 2023, 2025]",2475.35
4229,"[2024, 2026, 2025, 2019, 2023]",4118.02
4230,"[2024, 2018, 2018, 2025, 2019]",2563.38
4231,"[2019, 2019, 2025, 2019, 2023]",3537.65
4232,"[2019, 2019, 2024, 2026, 2018]",2777.48
4233,"[2019, 2026, 2023, 2026, 2026]",2900.43
4234,"[2026, 2023, 2023, 2026, 2023]",5376.79
4235,"[2025, 2025, 2026, 2025, 2018]",2640.91
4236,"[2026, 2018, 2026, 2024, 2023]",4638.39
4237,"[2023, 2026, 2024, 2025, 2025]",2862.79
4238,"[2025, 2019, 2023, 2024, 2019]",2690.79
4239,"[2019, 2019, 2023, 2025, 2023]",3865.54
4240,"[2018, 2025, 2023, 2025, 2018]",2702.07
4241,"[2025, 2023, 2023, 2026, 2025]",2680.1
4242,"[2019, 2025, 2018, 2025, 2024]",2586.52
4243,"[2023, 2026, 2019, 2025, 2024]",3481.78
4244,"[2025, 2024, 2018, 2024, 2024]",2671.36
4245,"[2025, 2024, 2026, 2025, 2019]",2705.32
4246,"[2024, 2026, 2023, 2019, 2018]",3300.43
4247,"[2026, 2024, 2024, 2024, 2019]",3125.86
4248,"[2023, 2023, 2019, 2026, 2023]",4854.67
4249,"[2019, 2023, 2018, 2019, 2018]",2917.07
4250,"[2023, 2019, 2018, 2023, 2024]",3244.05
4251,"[2019, 2026, 2019, 2018, 2024]",3058.48
4252,"[2023, 2024, 2024, 2024, 2026]",2717.91
4253,"[2024, 2018, 2026, 2025, 2019]",2804.1
4254,"[2024, 2019, 2025, 2018, 2018]",2627.98
4255,"[2023, 2026, 2024, 2023, 2024]",3743.36
4256,"[2018, 2025, 2026, 2018, 2026]",2368.68
4257,"[2024, 2019, 2026, 2024, 2026]",2549.03
4258,"[2026, 2026, 2023, 2023, 2026]",3414.4
4259,"[2024, 2018, 2025, 2025, 2023]",3564.54
4260,"[2018, 2025, 2024, 2026, 2024]",2763.41
4261,"[2026, 2023, 2026, 2025, 2023]",5120.12
4262,"[2026, 2025, 2019, 2026, 2019]",3039.94
4263,"[2019, 2024, 2019, 2025, 2025]",2215.02
4264,"[2018, 2019, 2026, 2025, 2019]",2727.06
4265,"[2025, 2024, 2024, 2023, 2018]",2736.83
4266,"[2026, 2026, 2018, 2023, 2024]",3750.23
4267,"[2019, 2026, 2023, 2026, 2026]",2900.43
4268,"[2024, 2024, 2024, 2019, 2019]",2714.39
4269,"[2019, 2026, 2018, 2024, 2025]",2493.72
4270,"[2018, 2025, 2024, 2026, 2024]",2763.41
4271,"[2019, 2023, 2025, 2024, 2024]",2987.23
4272,"[2023, 2018, 2025, 2024, 2026]",2555.1
4273,"[2018, 2018, 2018, 2026, 2026]",2319.22
4274,"[2024, 2026, 2019, 2025, 2026]",2594.38
4275,"[2025, 2025, 2025, 2026, 2026]",2166.44
4276,"[2026, 2026, 2019, 2023, 2019]",3554.97
4277,"[2026, 2026, 2024, 2019, 2025]",2953.0
4278,"[2026, 2025, 2018, 2019, 2019]",2895.92
4279,"[2025, 2019, 2024, 2023, 2018]",2682.01
4280,"[2018, 2024, 2019, 2023, 2018]",2775.21
4281,"[2025, 2018, 2024, 2026, 2026]",2296.12
4282,"[2018, 2024, 2026, 2026, 2023]",4175.98
4283,"[2025, 2023, 2025, 2023, 2025]",2430.62
4284,"[2023, 2019, 2023, 2024, 2019]",3210.66
4285,"[2026, 2024, 2026, 2019, 2024]",3531.61
4286,"[2019, 2024, 2019, 2019, 2023]",3684.48
4287,"[2024, 2025, 2018, 2019, 2025]",2180.83
4288,"[2025, 2023, 2019, 2023, 2025]",2482.1
4289,"[2023, 2023, 2026, 2018, 2019]",3572.15
4290,"[2019, 2023, 2024, 2023, 2025]",2612.51
4291,"[2023, 2025, 2018, 2019, 2018]",2914.76
4292,"[2025, 2024, 2018, 2024, 2023]",3563.53
4293,"[2025, 2023, 2019, 2018, 2018]",2818.11
4294,"[2025, 2023, 2018, 2025, 2026]",2400.89
4295,"[2018, 2026, 2023, 2024, 2024]",3320.24
4296,"[2026, 2023, 2026, 2018, 2025]",3128.77
4297,"[2018, 2025, 2019, 2026, 2025]",2208.91
4298,"[2018, 2024, 2019, 2024, 2025]",2241.51
4299,"[2024, 2018, 2024, 2024, 2025]",2291.31
4300,"[2023, 2018, 2018, 2018, 2023]",4096.11
4301,"[2025, 2024, 2025, 2018, 2019]",2456.69
4302,"[2019, 2026, 2026, 2023, 2026]",2923.68
4303,"[2025, 2025, 2023, 2026, 2024]",2869.89
4304,"[2019, 2024, 2025, 2025, 2023]",3568.64
4305,"[2018, 2024, 2026, 2025, 2023]",3942.54
4306,"[2019, 2019, 2025, 2018, 2023]",3530.07
4307,"[2025, 2025, 2025, 2018, 2019]",2338.24
4308,"[2023, 2019, 2018, 2023, 2026]",2717.6
4309,"[2018, 2026, 2023, 2023, 2018]",3339.02
4310,"[2025, 2024, 2024, 2019, 2024]",2700.03
4311,"[2019, 2026, 2025, 2023, 2023]",4197.98
4312,"[2023, 2025, 2019, 2026, 2023]",4221.79
4313,"[2024, 2019, 2018, 2023, 2024]",2894.49
4314,"[2026, 2026, 2019, 2024, 2019]",3420.2
4315,"[2018, 2024, 2023, 2026, 2026]",2592.55
4316,"[2024, 2023, 2024, 2018, 2019]",2968.47
4317,"[2025, 2026, 2025, 2018, 2019]",2724.55
4318,"[2026, 2024, 2019, 2025, 2018]",3096.73
4319,"[2025, 2023, 2018, 2025, 2018]",2778.16
4320,"[2024, 2019, 2026, 2019, 2024]",3026.82
4321,"[2018, 2026, 2023, 2018, 2024]",3287.45
4322,"[2023, 2026, 2019, 2018, 2024]",3516.85
4323,"[2026, 2026, 2024, 2025, 2025]",2916.17
4324,"[2023, 2018, 2025, 2026, 2019]",2988.6
4325,"[2026, 2025, 2023, 2023, 2025]",2840.61
4326,"[2018, 2023, 2024, 2025, 2018]",2910.91
4327,"[2026, 2019, 2024, 2025, 2024]",3180.52
4328,"[2023, 2024, 2023, 2023, 2026]",3018.23
4329,"[2018, 2023, 2018, 2024, 2025]",2446.6
4330,"[2024, 2026, 2026, 2025, 2023]",4539.97
4331,"[2018, 2019, 2019, 2026, 2025]",2274.41
4332,"[2026, 2025, 2018, 2026, 2019]",3026.84
4333,"[2026, 2019, 2026, 2025, 2019]",3225.3
4334,"[2019, 2019, 2023, 2025, 2026]",2425.06
4335,"[2025, 2023, 2025, 2026, 2026]",2495.03
4336,"[2026, 2023, 2019, 2024, 2025]",2903.05
4337,"[2018, 2018, 2024, 2024, 2023]",3634.34
4338,"[2024, 2023, 2023, 2024, 2023]",4518.0
4339,"[2025, 2023, 2018, 2024, 2023]",3902.7
4340,"[2025, 2026, 2026, 2026, 2019]",3178.22
4341,"[2019, 2018, 2023, 2026, 2024]",3044.85
4342,"[2025, 2026, 2025, 2026, 2023]",4051.4
4343,"[2025, 2024, 2025, 2018, 2023]",3472.4
4344,"[2024, 2023, 2019, 2023, 2026]",2722.18
4345,"[2019, 2018, 2023, 2023, 2023]",4060.83
4346,"[2018, 2023, 2025, 2024, 2026]",2478.47
4347,"[2018, 2026, 2024, 2024, 2018]",3007.08
4348,"[2026, 2026, 2026, 2018, 2026]",3263.41
4349,"[2024, 2023, 2018, 2025, 2018]",2957.59
4350,"[2018, 2019, 2026, 2024, 2023]",3939.26
4351,"[2019, 2024, 2025, 2025, 2025]",2168.82
4352,"[2026, 2023, 2018, 2024, 2025]",2891.04
4353,"[2026, 2019, 2024, 2023, 2023]",4499.49
4354,"[2026, 2024, 2019, 2023, 2018]",3282.67
4355,"[2019, 2018, 2018, 2019, 2018]",2592.14
4356,"[2024, 2019, 2024, 2025, 2018]",2694.69
4357,"[2024, 2025, 2024, 2026, 2018]",2768.33
4358,"[2023, 2018, 2024, 2024, 2026]",2646.69
4359,"[2025, 2024, 2025, 2025, 2018]",2493.59
4360,"[2024, 2024, 2025, 2023, 2026]",2432.46
4361,"[2026, 2018, 2018, 2024, 2025]",2565.98
4362,"[2025, 2025, 2023, 2026, 2025]",2327.68
4363,"[2019, 2018, 2025, 2025, 2026]",2176.29
4364,"[2019, 2024, 2025, 2024, 2025]",2213.52
4365,"[2026, 2019, 2026, 2023, 2024]",3624.86
4366,"[2026, 2026, 2019, 2025, 2018]",3437.59
4367,"[2023, 2019, 2024, 2025, 2019]",2946.09
4368,"[2026, 2019, 2018, 2023, 2018]",3202.6
4369,"[2018, 2019, 2025, 2018, 2018]",2539.31
4370,"[2025, 2018, 2019, 2024, 2026]",2185.55
4371,"[2023, 2018, 2023, 2025, 2018]",3205.69
4372,"[2025, 2025, 2023, 2019, 2026]",2297.75
4373,"[2019, 2019, 2023, 2023, 2018]",2972.57
4374,"[2024, 2023, 2026, 2019, 2023]",4520.99
4375,"[2023, 2026, 2023, 2018, 2023]",5090.46
4376,"[2024, 2019, 2026, 2024, 2023]",4077.93
4377,"[2024, 2019, 2023, 2018, 2026]",2514.32
4378,"[2025, 2019, 2018, 2026, 2025]",2201.26
4379,"[2018, 2023, 2024, 2026, 2026]",2658.58
4380,"[2019, 2026, 2023, 2023, 2019]",3285.44
4381,"[2025, 2019, 2023, 2019, 2026]",2365.83
4382,"[2026, 2026, 2025, 2019, 2018]",3406.97
4383,"[2023, 2026, 2019, 2024, 2019]",3352.98
4384,"[2024, 2024, 2026, 2024, 2024]",3113.38
4385,"[2025, 2025, 2026, 2019, 2023]",3693.48
4386,"[2025, 2024, 2018, 2018, 2023]",3528.32
4387,"[2018, 2026, 2018, 2023, 2025]",2570.95
4388,"[2018, 2018, 2023, 2025, 2026]",2389.07
4389,"[2024, 2018, 2024, 2026, 2025]",2372.37
4390,"[2024, 2023, 2018, 2023, 2024]",3235.83
4391,"[2018, 2019, 2023, 2023, 2018]",2946.88
4392,"[2019, 2019, 2025, 2025, 2026]",2190.1
4393,"[2024, 2023, 2024, 2019, 2026]",2635.82
4394,"[2026, 2025, 2026, 2019, 2018]",3252.18
4395,"[2023, 2018, 2018, 2025, 2025]",2471.57
4396,"[2026, 2018, 2025, 2024, 2019]",2937.19
4397,"[2026, 2024, 2026, 2019, 2018]",3417.48
4398,"[2026, 2018, 2024, 2023, 2023]",4469.14
4399,"[2018, 2026, 2025, 2026, 2024]",3110.86
4400,"[2019, 2018, 2026, 2018, 2026]",2443.9
4401,"[2026, 2026, 2018, 2018, 2024]",3573.12
4402,"[2026, 2019, 2025, 2023, 2023]",4345.5
4403,"[2018, 2025, 2018, 2019, 2018]",2512.52
4404,"[2024, 2019, 2019, 2026, 2026]",2425.54
4405,"[2024, 2025, 2023, 2026, 2023]",4080.48
4406,"[2019, 2023, 2026, 2018, 2026]",2750.43
4407,"[2024, 2025, 2018, 2025, 2025]",2154.08
4408,"[2018, 2023, 2023, 2019, 2024]",3249.83
4409,"[2023, 2024, 2023, 2025, 2024]",3400.6
4410,"[2018, 2023, 2023, 2019, 2026]",2721.55
4411,"[2018, 2019, 2026, 2025, 2018]",2796.56
4412,"[2019, 2018, 2024, 2024, 2024]",2749.14
4413,"[2023, 2019, 2026, 2019, 2023]",4532.79
4414,"[2019, 2026, 2025, 2024, 2025]",2451.46
4415,"[2024, 2018, 2026, 2025, 2019]",2804.1
4416,"[2019, 2026, 2018, 2023, 2023]",4265.64
4417,"[2019, 2018, 2025, 2024, 2025]",2155.55
4418,"[2018, 2018, 2025, 2018, 2024]",2605.93
4419,"[2025, 2023, 2023, 2019, 2026]",2645.75
4420,"[2018, 2026, 2018, 2023, 2023]",4227.95
4421,"[2023, 2025, 2026, 2019, 2018]",3189.57
4422,"[2026, 2018, 2023, 2018, 2018]",3301.84
4423,"[2025, 2018, 2018, 2025, 2026]",2132.83
4424,"[2025, 2024, 2024, 2025, 2025]",2165.27
4425,"[2023, 2026, 2023, 2023, 2024]",4000.02
4426,"[2025, 2018, 2019, 2026, 2018]",2621.81
4427,"[2025, 2023, 2024, 2019, 2023]",3945.61
4428,"[2023, 2023, 2025, 2025, 2024]",3367.68
4429,"[2024, 2023, 2026, 2018, 2024]",3376.79
4430,"[2023, 2019, 2025, 2019, 2024]",3048.68
4431,"[2023, 2026, 2018, 2024, 2018]",3423.39
4432,"[2019, 2024, 2023, 2025, 2025]",2401.84
4433,"[2023, 2024, 2019, 2019, 2026]",2658.0
4434,"[2018, 2019, 2019, 2026, 2019]",2647.37
4435,"[2023, 2023, 2018, 2026, 2024]",3620.47
4436,"[2026, 2024, 2025, 2023, 2018]",3214.81
4437,"[2018, 2025, 2026, 2025, 2024]",2806.91
4438,"[2023, 2018, 2025, 2024, 2024]",3053.03
4439,"[2023, 2023, 2018, 2019, 2018]",3354.47
4440,"[2018, 2026, 2025, 2023, 2024]",3115.7
4441,"[2026, 2019, 2018, 2026, 2025]",2674.6
4442,"[2026, 2024, 2018, 2018, 2026]",2689.32
4443,"[2026, 2025, 2023, 2025, 2025]",2676.59
4444,"[2024, 2026, 2018, 2018, 2018]",3024.49
4445,"[2024, 2025, 2019, 2018, 2018]",2606.27
4446,"[2026, 2026, 2019, 2024, 2025]",2934.15
4447,"[2023, 2023, 2026, 2025, 2024]",3746.11
4448,"[2023, 2023, 2025, 2025, 2024]",3367.68
4449,"[2024, 2024, 2018, 2019, 2026]",2360.99
4450,"[2025, 2026, 2025, 2019, 2018]",2799.53
4451,"[2019, 2024, 2024, 2026, 2023]",3912.22
4452,"[2019, 2025, 2019, 2026, 2026]",2295.84
4453,"[2025, 2025, 2026, 2019, 2024]",2761.92
4454,"[2023, 2019, 2019, 2024, 2026]",2625.79
4455,"[2024, 2023, 2019, 2018, 2024]",3098.58
4456,"[2025, 2026, 2025, 2026, 2018]",2926.86
4457,"[2026, 2024, 2024, 2026, 2025]",2781.01
4458,"[2025, 2026, 2023, 2023, 2025]",2722.95
4459,"[2024, 2018, 2026, 2024, 2018]",2933.83
4460,"[2023, 2024, 2025, 2023, 2024]",3256.52
4461,"[2023, 2019, 2023, 2019, 2019]",3185.37
4462,"[2019, 2023, 2026, 2024, 2024]",3323.84
4463,"[2025, 2026, 2019, 2023, 2019]",2920.43
4464,"[2026, 2018, 2024, 2019, 2023]",4273.01
4465,"[2019, 2026, 2019, 2019, 2025]",2483.9
4466,"[2026, 2026, 2026, 2026, 2019]",3870.54
4467,"[2019, 2023, 2023, 2024, 2018]",3199.5
4468,"[2025, 2019, 2026, 2019, 2026]",2374.82
4469,"[2026, 2023, 2023, 2023, 2024]",4028.82
4470,"[2018, 2018, 2025, 2023, 2024]",2733.33
4471,"[2025, 2018, 2025, 2026, 2019]",2504.27
4472,"[2018, 2025, 2026, 2018, 2025]",2298.34
4473,"[2018, 2025, 2025, 2023, 2019]",2524.07
4474,"[2026, 2024, 2019, 2026, 2024]",3385.72
4475,"[2018, 2025, 2023, 2025, 2025]",2266.65
4476,"[2023, 2023, 2023, 2025, 2024]",3724.87
4477,"[2019, 2023, 2018, 2025, 2018]",2882.4
4478,"[2023, 2019, 2018, 2025, 2018]",2965.04
4479,"[2025, 2018, 2026, 2019, 2018]",2733.89
4480,"[2018, 2025, 2018, 2023, 2025]",2208.45
4481,"[2026, 2024, 2018, 2018, 2026]",2689.32
4482,"[2023, 2023, 2026, 2018, 2018]",3662.71
4483,"[2024, 2026, 2026, 2026, 2024]",3587.11
4484,"[2026, 2023, 2024, 2026, 2026]",3143.68
4485,"[2026, 2019, 2026, 2026, 2018]",3501.59
4486,"[2018, 2024, 2023, 2018, 2024]",2960.93
4487,"[2019, 2018, 2024, 2025, 2019]",2544.92
4488,"[2019, 2024, 2025, 2026, 2026]",2362.18
4489,"[2026, 2018, 2024, 2025, 2024]",3159.74
4490,"[2025, 2018, 2025, 2019, 2019]",2396.63
4491,"[2024, 2023, 2024, 2018, 2019]",2968.47
4492,"[2026, 2023, 2018, 2025, 2019]",3297.09
4493,"[2023, 2024, 2023, 2024, 2026]",2904.44
4494,"[2025, 2018, 2026, 2018, 2026]",2355.2
4495,"[2026, 2018, 2023, 2019, 2018]",3308.31
4496,"[2019, 2019, 2025, 2018, 2018]",2561.19
4497,"[2019, 2023, 2023, 2025, 2026]",2711.81
4498,"[2023, 2023, 2023, 2019, 2024]",3769.32
4499,"[2024, 2025, 2023, 2023, 2026]",2563.04
4500,"[2025, 2026, 2019, 2025, 2025]",2364.11
4501,"[2024, 2018, 2023, 2025, 2025]",2399.74
4502,"[2023, 2024, 2025, 2018, 2023]",4141.16
4503,"[2023, 2018, 2018, 2026, 2019]",3038.2
4504,"[2019, 2025, 2019, 2025, 2026]",2172.12
4505,"[2024, 2023, 2026, 2024, 2023]",4556.5
4506,"[2025, 2026, 2019, 2023, 2018]",2994.45
4507,"[2024, 2025, 2019, 2019, 2023]",3599.62
4508,"[2018, 2019, 2019, 2025, 2023]",3538.27
4509,"[2024, 2023, 2023, 2019, 2018]",3257.14
4510,"[2023, 2019, 2023, 2025, 2024]",3332.62
4511,"[2018, 2024, 2023, 2023, 2024]",3105.25
4512,"[2025, 2024, 2023, 2018, 2026]",2409.77
4513,"[2019, 2024, 2023, 2025, 2026]",2474.6
4514,"[2019, 2024, 2024, 2025, 2018]",2679.84
4515,"[2018, 2018, 2018, 2019, 2023]",3539.34
4516,"[2024, 2024, 2019, 2023, 2018]",2872.31
4517,"[2024, 2026, 2018, 2023, 2018]",3173.89
4518,"[2026, 2025, 2019, 2024, 2023]",4151.99
4519,"[2023, 2019, 2019, 2018, 2025]",2523.77
4520,"[2018, 2024, 2024, 2026, 2026]",2426.13
4521,"[2023, 2025, 2025, 2026, 2024]",3095.41
4522,"[2025, 2019, 2025, 2025, 2018]",2443.62
4523,"[2024, 2019, 2023, 2026, 2025]",2551.68
4524,"[2019, 2023, 2023, 2025, 2026]",2711.81
4525,"[2026, 2018, 2026, 2026, 2018]",3478.48
4526,"[2025, 2018, 2018, 2019, 2023]",3441.92
4527,"[2026, 2025, 2025, 2023, 2018]",3059.07
4528,"[2024, 2024, 2026, 2025, 2018]",2953.54
4529,"[2019, 2026, 2024, 2018, 2018]",3003.27
4530,"[2023, 2026, 2026, 2019, 2024]",3842.94
4531,"[2024, 2024, 2026, 2018, 2023]",4119.86
4532,"[2024, 2024, 2026, 2023, 2024]",3234.43
4533,"[2018, 2018, 2024, 2025, 2026]",2235.5
4534,"[2026, 2025, 2025, 2023, 2025]",2563.28
4535,"[2019, 2023, 2023, 2026, 2025]",2780.74
4536,"[2018, 2023, 2018, 2019, 2023]",3981.57
4537,"[2018, 2019, 2024, 2018, 2018]",2629.96
4538,"[2024, 2019, 2024, 2026, 2026]",2460.5
4539,"[2026, 2024, 2024, 2023, 2019]",3248.06
4540,"[2019, 2018, 2019, 2026, 2024]",2810.34
4541,"[2023, 2026, 2025, 2019, 2023]",4613.27
4542,"[2019, 2023, 2023, 2019, 2023]",4369.07
4543,"[2023, 2023, 2018, 2025, 2023]",4564.85
4544,"[2023, 2023, 2018, 2026, 2018]",3504.85
4545,"[2024, 2023, 2023, 2019, 2019]",3177.31
4546,"[2025, 2018, 2025, 2018, 2025]",2056.69
4547,"[2018, 2026, 2026, 2025, 2023]",4385.38
4548,"[2023, 2024, 2025, 2024, 2018]",3035.73
4549,"[2026, 2018, 2018, 2026, 2026]",2739.23
4550,"[2025, 2025, 2019, 2024, 2025]",2073.08
4551,"[2026, 2024, 2018, 2026, 2018]",3262.3
4552,"[2025, 2023, 2018, 2024, 2019]",2764.33
4553,"[2024, 2026, 2026, 2023, 2026]",2999.94
4554,"[2026, 2018, 2019, 2019, 2024]",3152.25
4555,"[2026, 2019, 2019, 2026, 2018]",3210.41
4556,"[2025, 2023, 2018, 2025, 2019]",2709.77
4557,"[2018, 2019, 2018, 2024, 2019]",2543.17
4558,"[2025, 2026, 2018, 2018, 2023]",3923.17
4559,"[2019, 2018, 2024, 2024, 2023]",3666.46
4560,"[2026, 2025, 2025, 2018, 2019]",2842.29
4561,"[2024, 2019, 2025, 2023, 2023]",3795.95
4562,"[2024, 2018, 2023, 2018, 2023]",3976.64
4563,"[2023, 2024, 2026, 2026, 2024]",3618.85
4564,"[2026, 2024, 2019, 2026, 2026]",2825.6
4565,"[2023, 2018, 2025, 2025, 2025]",2430.09
4566,"[2023, 2025, 2018, 2019, 2023]",4015.09
4567,"[2023, 2026, 2018, 2018, 2018]",3389.54
4568,"[2026, 2023, 2018, 2019, 2023]",4720.39
4569,"[2019, 2019, 2023, 2019, 2018]",2839.52
4570,"[2024, 2019, 2024, 2023, 2024]",2948.85
4571,"[2026, 2023, 2018, 2018, 2019]",3330.7
4572,"[2024, 2025, 2019, 2026, 2024]",2819.5
4573,"[2026, 2026, 2023, 2018, 2023]",5206.79
4574,"[2019, 2026, 2018, 2018, 2018]",2947.61
4575,"[2023, 2026, 2018, 2018, 2018]",3389.54
4576,"[2018, 2019, 2023, 2024, 2026]",2453.52
4577,"[2023, 2026, 2023, 2019, 2026]",3194.26
4578,"[2025, 2024, 2026, 2024, 2019]",2760.4
4579,"[2018, 2026, 2025, 2026, 2018]",3010.29
4580,"[2024, 2019, 2018, 2024, 2018]",2698.33
4581,"[2023, 2025, 2019, 2023, 2024]",3165.01
4582,"[2018, 2025, 2018, 2025, 2026]",2144.98
4583,"[2023, 2024, 2026, 2019, 2023]",4625.27
4584,"[2024, 2024, 2018, 2024, 2024]",2843.97
4585,"[2023, 2025, 2023, 2024, 2018]",3197.3
4586,"[2019, 2019, 2026, 2026, 2026]",2573.66
4587,"[2018, 2019, 2025, 2026, 2019]",2592.96
4588,"[2026, 2019, 2025, 2024, 2026]",2616.46
4589,"[2023, 2026, 2019, 2025, 2024]",3481.78
4590,"[2024, 2018, 2019, 2019, 2019]",2605.4
4591,"[2023, 2024, 2019, 2023, 2025]",2703.23
4592,"[2024, 2026, 2023, 2023, 2023]",4763.04
4593,"[2025, 2024, 2023, 2023, 2023]",4021.93
4594,"[2024, 2023, 2025, 2026, 2018]",3076.61
4595,"[2018, 2025, 2025, 2025, 2025]",2046.7
4596,"[2025, 2023, 2018, 2019, 2025]",2359.1
4597,"[2024, 2025, 2025, 2026, 2024]",2761.66
4598,"[2023, 2024, 2025, 2018, 2018]",3005.9
4599,"[2026, 2018, 2024, 2023, 2024]",3348.59
4600,"[2024, 2026, 2025, 2023, 2024]",3224.95
4601,"[2019, 2019, 2026, 2018, 2026]",2459.67
4602,"[2024, 2026, 2018, 2018, 2019]",2949.52
4603,"[2025, 2018, 2025, 2023, 2024]",2657.22
4604,"[2018, 2025, 2026, 2019, 2019]",2681.36
4605,"[2025, 2023, 2023, 2025, 2025]",2536.86
4606,"[2026, 2025, 2019, 2023, 2025]",2618.18
4607,"[2026, 2019, 2024, 2025, 2018]",3078.29
4608,"[2026, 2026, 2019, 2019, 2019]",3392.74
4609,"[2019, 2024, 2018, 2026, 2018]",2782.04
4610,"[2018, 2019, 2018, 2018, 2025]",2166.25
4611,"[2018, 2025, 2019, 2019, 2026]",2180.47
4612,"[2023, 2025, 2018, 2025, 2026]",2488.77
4613,"[2024, 2024, 2019, 2024, 2018]",2765.25
4614,"[2025, 2025, 2026, 2019, 2026]",2306.5
4615,"[2026, 2024, 2024, 2024, 2025]",2685.13
4616,"[2024, 2018, 2023, 2018, 2018]",2888.96
4617,"[2023, 2019, 2024, 2024, 2025]",2585.39
4618,"[2024, 2024, 2026, 2025, 2019]",2880.1
4619,"[2026, 2023, 2026, 2023, 2019]",3826.94
4620,"[2024, 2024, 2025, 2024, 2019]",2641.6
4621,"[2023, 2025, 2019, 2018, 2023]",4024.51
4622,"[2019, 2023, 2026, 2023, 2024]",3452.86
4623,"[2026, 2023, 2019, 2026, 2026]",3098.78
4624,"[2026, 2024, 2025, 2025, 2025]",2538.26
4625,"[2023, 2024, 2025, 2018, 2024]",3104.74
4626,"[2025, 2018, 2025, 2023, 2026]",2224.51
4627,"[2019, 2025, 2018, 2019, 2023]",3492.39
4628,"[2018, 2025, 2026, 2024, 2025]",2321.31
4629,"[2023, 2024, 2026, 2023, 2026]",3031.39
4630,"[2026, 2019, 2018, 2018, 2018]",3051.98
4631,"[2025, 2019, 2025, 2026, 2023]",3570.0
4632,"[2023, 2018, 2019, 2019, 2018]",2994.08
4633,"[2019, 2026, 2019, 2023, 2025]",2604.02
4634,"[2025, 2025, 2024, 2026, 2026]",2244.34
4635,"[2026, 2026, 2019, 2019, 2026]",3000.1
4636,"[2018, 2025, 2026, 2026, 2025]",2404.33
4637,"[2024, 2019, 2026, 2025, 2018]",2894.42
4638,"[2023, 2018, 2023, 2018, 2024]",3343.84
4639,"[2024, 2023, 2019, 2024, 2025]",2542.39
4640,"[2024, 2018, 2023, 2025, 2018]",2860.21
4641,"[2026, 2026, 2019, 2018, 2024]",3588.71
4642,"[2018, 2019, 2024, 2018, 2018]",2629.96
4643,"[2026, 2026, 2023, 2025, 2025]",3120.67
4644,"[2023, 2019, 2026, 2023, 2019]",3353.83
4645,"[2023, 2025, 2019, 2025, 2018]",2892.35
4646,"[2023, 2019, 2023, 2024, 2019]",3210.66
4647,"[2018, 2018, 2023, 2023, 2023]",4025.04
4648,"[2018, 2024, 2024, 2026, 2024]",2902.8
4649,"[2023, 2026, 2018, 2023, 2018]",3556.72
4650,"[2019, 2026, 2026, 2024, 2019]",3179.02
4651,"[2018, 2023, 2025, 2026, 2018]",2972.47
4652,"[2023, 2023, 2025, 2023, 2025]",2900.92
4653,"[2025, 2019, 2024, 2026, 2023]",3695.92
4654,"[2023, 2018, 2023, 2018, 2024]",3343.84
4655,"[2023, 2025, 2024, 2019, 2025]",2490.9
4656,"[2019, 2024, 2026, 2024, 2023]",4055.41
4657,"[2025, 2023, 2026, 2019, 2019]",3000.27
4658,"[2026, 2023, 2024, 2019, 2018]",3486.13
4659,"[2024, 2026, 2026, 2018, 2023]",4583.08
4660,"[2024, 2023, 2019, 2023, 2026]",2722.18
4661,"[2018, 2019, 2024, 2025, 2023]",3589.0
4662,"[2023, 2023, 2025, 2023, 2019]",3369.85
4663,"[2018, 2026, 2025, 2025, 2024]",2939.54
4664,"[2025, 2024, 2024, 2026, 2023]",3771.45
4665,"[2023, 2024, 2023, 2026, 2025]",2918.77
4666,"[2023, 2026, 2019, 2026, 2026]",3074.97
4667,"[2019, 2023, 2023, 2019, 2023]",4369.07
4668,"[2018, 2023, 2019, 2023, 2019]",2966.0
4669,"[2024, 2018, 2024, 2025, 2025]",2245.16
4670,"[2026, 2023, 2024, 2018, 2025]",2916.15
4671,"[2026, 2019, 2025, 2023, 2025]",2640.07
4672,"[2023, 2018, 2025, 2018, 2018]",2926.87
4673,"[2018, 2019, 2019, 2023, 2019]",2653.08
4674,"[2024, 2018, 2025, 2019, 2025]",2194.06
4675,"[2025, 2024, 2018, 2018, 2026]",2213.28
4676,"[2024, 2025, 2026, 2019, 2023]",3931.34
4677,"[2019, 2023, 2023, 2024, 2023]",4403.12
4678,"[2024, 2018, 2019, 2018, 2019]",2600.37
4679,"[2019, 2023, 2019, 2018, 2018]",2923.82
4680,"[2025, 2018, 2026, 2023, 2026]",2473.25
4681,"[2025, 2026, 2026, 2023, 2023]",4514.96
4682,"[2019, 2024, 2023, 2024, 2018]",2920.53
4683,"[2019, 2018, 2018, 2026, 2018]",2708.64
4684,"[2019, 2026, 2025, 2025, 2018]",2869.61
4685,"[2019, 2026, 2025, 2023, 2025]",2549.44
4686,"[2023, 2023, 2023, 2025, 2026]",3118.77
4687,"[2018, 2023, 2024, 2023, 2019]",3008.58
4688,"[2018, 2024, 2026, 2025, 2025]",2389.19
4689,"[2019, 2025, 2024, 2026, 2023]",3725.09
4690,"[2024, 2019, 2024, 2024, 2024]",2839.31
4691,"[2024, 2026, 2025, 2018, 2019]",2900.56
4692,"[2023, 2018, 2019, 2018, 2019]",2914.91
4693,"[2019, 2024, 2026, 2024, 2023]",4055.41
4694,"[2019, 2024, 2023, 2018, 2023]",3981.45
4695,"[2026, 2019, 2026, 2018, 2023]",4623.34
4696,"[2018, 2023, 2026, 2019, 2018]",3164.04
4697,"[2018, 2023, 2025, 2018, 2024]",2932.31
4698,"[2018, 2018, 2023, 2026, 2026]",2524.33
4699,"[2026, 2023, 2025, 2018, 2023]",4635.4
4700,"[2024, 2024, 2026, 2025, 2026]",2548.39
4701,"[2025, 2019, 2018, 2018, 2024]",2592.08
4702,"[2025, 2024, 2019, 2026, 2023]",3718.1
4703,"[2018, 2025, 2025, 2019, 2024]",2552.76
4704,"[2023, 2024, 2025, 2025, 2025]",2495.28
4705,"[2023, 2023, 2019, 2025, 2024]",3438.15
4706,"[2024, 2026, 2026, 2025, 2019]",3196.4
4707,"[2018, 2025, 2026, 2023, 2023]",3972.28
4708,"[2019, 2018, 2024, 2025, 2019]",2544.92
4709,"[2019, 2023, 2018, 2023, 2019]",2979.11
4710,"[2026, 2019, 2024, 2023, 2018]",3263.11
4711,"[2019, 2025, 2024, 2023, 2019]",2636.75
4712,"[2024, 2025, 2025, 2018, 2026]",2205.29
4713,"[2018, 2019, 2024, 2023, 2018]",2758.79
4714,"[2019, 2025, 2026, 2023, 2019]",2833.13
4715,"[2019, 2026, 2019, 2019, 2024]",3064.57
4716,"[2024, 2019, 2024, 2025, 2019]",2628.23
4717,"[2019, 2024, 2025, 2018, 2025]",2191.81
4718,"[2026, 2024, 2018, 2024, 2026]",2716.14
4719,"[2019, 2025, 2018, 2019, 2018]",2534.14
4720,"[2019, 2026, 2019, 2025, 2023]",4049.67
4721,"[2026, 2025, 2025, 2023, 2024]",3160.26
4722,"[2024, 2019, 2019, 2026, 2018]",2809.51
4723,"[2024, 2026, 2025, 2023, 2024]",3224.95
4724,"[2025, 2025, 2025, 2025, 2026]",2049.41
4725,"[2018, 2018, 2025, 2026, 2026]",2280.72
4726,"[2026, 2025, 2019, 2025, 2019]",2873.25
4727,"[2024, 2025, 2018, 2024, 2023]",3611.52
4728,"[2025, 2025, 2024, 2026, 2024]",2686.51
4729,"[2019, 2018, 2023, 2023, 2025]",2480.6
4730,"[2018, 2026, 2018, 2026, 2023]",4232.45
4731,"[2026, 2019, 2026, 2026, 2025]",2925.36
4732,"[2024, 2018, 2025, 2019, 2019]",2551.71
4733,"[2026, 2026, 2019, 2026, 2025]",3039.89
4734,"[2026, 2025, 2018, 2026, 2018]",3104.32
4735,"[2025, 2025, 2018, 2023, 2023]",3520.44
4736,"[2018, 2018, 2019, 2024, 2025]",2182.81
4737,"[2026, 2019, 2019, 2019, 2025]",2572.26
4738,"[2024, 2026, 2026, 2026, 2025]",2898.91
4739,"[2023, 2024, 2019, 2023, 2024]",3324.55
4740,"[2019, 2025, 2018, 2018, 2019]",2466.96
4741,"[2018, 2024, 2024, 2026, 2026]",2426.13
4742,"[2019, 2026, 2026, 2024, 2026]",2811.03
4743,"[2018, 2023, 2026, 2024, 2018]",3189.37
4744,"[2025, 2018, 2024, 2024, 2023]",3534.41
4745,"[2026, 2026, 2025, 2024, 2024]",3549.36
4746,"[2019, 2023, 2018, 2024, 2026]",2542.16
4747,"[2023, 2023, 2025, 2019, 2026]",2852.42
4748,"[2019, 2025, 2026, 2019, 2026]",2393.4
4749,"[2025, 2026, 2018, 2019, 2026]",2456.85
4750,"[2018, 2025, 2025, 2024, 2024]",2573.07
4751,"[2026, 2026, 2024, 2025, 2018]",3487.82
4752,"[2019, 2024, 2026, 2024, 2026]",2535.0
4753,"[2025, 2026, 2026, 2023, 2026]",2817.97
4754,"[2024, 2024, 2019, 2023, 2023]",3953.34
4755,"[2023, 2023, 2024, 2026, 2024]",3688.25
4756,"[2018, 2019, 2024, 2025, 2025]",2183.45
4757,"[2018, 2025, 2018, 2018, 2018]",2507.62
4758,"[2026, 2024, 2024, 2019, 2018]",3179.79
4759,"[2026, 2025, 2018, 2018, 2019]",2890.28
4760,"[2019, 2023, 2026, 2025, 2025]",2640.79
4761,"[2026, 2018, 2018, 2018, 2019]",2957.09
4762,"[2019, 2023, 2025, 2024, 2023]",3984.31
4763,"[2026, 2025, 2023, 2024, 2025]",2732.01
4764,"[2018, 2026, 2018, 2023, 2023]",4227.95
4765,"[2018, 2024, 2018, 2026, 2018]",2758.11
4766,"[2025, 2024, 2024, 2018, 2026]",2254.55
4767,"[2023, 2026, 2024, 2019, 2026]",2987.22
4768,"[2023, 2018, 2023, 2018, 2024]",3343.84
4769,"[2025, 2025, 2026, 2026, 2025]",2336.91
4770,"[2025, 2019, 2018, 2019, 2019]",2452.53
4771,"[2025, 2026, 2018, 2024, 2025]",2403.25
4772,"[2026, 2026, 2019, 2018, 2019]",3386.09
4773,"[2018, 2023, 2024, 2023, 2018]",3083.97
4774,"[2025, 2019, 2023, 2019, 2018]",2736.8
4775,"[2026, 2018, 2026, 2018, 2024]",3430.79
4776,"[2023, 2025, 2023, 2023, 2024]",3429.13
4777,"[2018, 2018, 2026, 2023, 2023]",4060.49
4778,"[2018, 2019, 2025, 2026, 2018]",2658.87
4779,"[2026, 2023, 2024, 2018, 2018]",3479.31
4780,"[2025, 2018, 2024, 2019, 2019]",2482.33
4781,"[2018, 2019, 2018, 2025, 2018]",2555.89
4782,"[2018, 2018, 2023, 2023, 2024]",3023.13
4783,"[2018, 2025, 2026, 2018, 2019]",2676.14
4784,"[2019, 2023, 2018, 2024, 2024]",3036.7
4785,"[2019, 2019, 2025, 2024, 2024]",2671.86
4786,"[2018, 2025, 2025, 2025, 2026]",2109.02
4787,"[2025, 2026, 2019, 2023, 2025]",2509.65
4788,"[2018, 2023, 2025, 2023, 2025]",2500.58
4789,"[2025, 2018, 2026, 2025, 2023]",3732.41
4790,"[2018, 2026, 2025, 2024, 2023]",4009.28
4791,"[2018, 2023, 2018, 2024, 2026]",2520.46
4792,"[2019, 2026, 2019, 2019, 2024]",3064.57
4793,"[2026, 2026, 2018, 2019, 2024]",3580.27
4794,"[2026, 2026, 2019, 2023, 2018]",3645.58
4795,"[2025, 2026, 2019, 2018, 2025]",2389.39
4796,"[2026, 2019, 2019, 2025, 2026]",2618.34
4797,"[2025, 2023, 2018, 2018, 2024]",2898.25
4798,"[2025, 2019, 2025, 2026, 2023]",3570.0
4799,"[2025, 2019, 2025, 2018, 2025]",2069.72
4800,"[2023, 2025, 2026, 2019, 2018]",3189.57
4801,"[2024, 2026, 2026, 2026, 2023]",4810.4
4802,"[2025, 2025, 2018, 2018, 2018]",2437.48
4803,"[2026, 2025, 2019, 2024, 2023]",4151.99
4804,"[2023, 2023, 2019, 2025, 2019]",3246.92
4805,"[2024, 2026, 2023, 2026, 2023]",4768.11
4806,"[2024, 2026, 2024, 2024, 2019]",3035.26
4807,"[2023, 2024, 2025, 2019, 2019]",2937.64
4808,"[2018, 2026, 2026, 2026, 2025]",2800.89
4809,"[2023, 2023, 2025, 2026, 2023]",4756.84
4810,"[2023, 2024, 2019, 2023, 2018]",3219.23
4811,"[2019, 2024, 2019, 2018, 2018]",2668.46
4812,"[2019, 2018, 2024, 2018, 2026]",2278.15
4813,"[2025, 2026, 2023, 2023, 2023]",4475.28
4814,"[2018, 2018, 2024, 2018, 2023]",3598.47
4815,"[2023, 2024, 2023, 2026, 2023]",4800.44
4816,"[2024, 2026, 2025, 2026, 2024]",3219.94
4817,"[2019, 2024, 2018, 2019, 2018]",2662.29
4818,"[2018, 2025, 2024, 2026, 2019]",2608.55
4819,"[2018, 2026, 2023, 2026, 2023]",4605.64
4820,"[2026, 2026, 2025, 2023, 2018]",3569.67
4821,"[2019, 2024, 2018, 2026, 2024]",2874.11
4822,"[2019, 2019, 2024, 2026, 2025]",2326.88
4823,"[2026, 2023, 2026, 2024, 2023]",5220.66
4824,"[2024, 2024, 2019, 2019, 2023]",3780.6
4825,"[2026, 2023, 2023, 2019, 2026]",3218.72
4826,"[2019, 2023, 2024, 2019, 2026]",2568.83
4827,"[2026, 2025, 2019, 2019, 2026]",2573.87
4828,"[2019, 2023, 2025, 2026, 2025]",2512.16
4829,"[2019, 2026, 2024, 2018, 2019]",2928.8
4830,"[2025, 2025, 2023, 2026, 2024]",2869.89
4831,"[2019, 2018, 2026, 2024, 2026]",2468.3
4832,"[2018, 2026, 2026, 2023, 2018]",3359.14
4833,"[2024, 2018, 2018, 2026, 2019]",2710.54
4834,"[2024, 2024, 2023, 2025, 2024]",3034.38
4835,"[2018, 2018, 2023, 2026, 2026]",2524.33
4836,"[2023, 2024, 2018, 2023, 2019]",3127.05
4837,"[2025, 2018, 2024, 2018, 2026]",2195.33
4838,"[2025, 2026, 2025, 2018, 2023]",3860.63
4839,"[2019, 2023, 2018, 2019, 2019]",2845.45
4840,"[2026, 2026, 2018, 2026, 2025]",3027.08
4841,"[2019, 2023, 2025, 2023, 2026]",2598.12
4842,"[2026, 2025, 2023, 2025, 2019]",3116.28
4843,"[2018, 2025, 2023, 2018, 2024]",2818.81
4844,"[2026, 2025, 2025, 2025, 2024]",2981.43
4845,"[2026, 2018, 2025, 2024, 2018]",3011.9
4846,"[2018, 2018, 2019, 2019, 2026]",2230.94
4847,"[2019, 2018, 2026, 2019, 2019]",2766.16
4848,"[2019, 2025, 2019, 2026, 2025]",2227.69
4849,"[2018, 2024, 2019, 2023, 2025]",2330.01
4850,"[2019, 2018, 2019, 2025, 2026]",2222.5
4851,"[2023, 2026, 2018, 2018, 2023]",4677.8
4852,"[2026, 2018, 2025, 2025, 2026]",2547.08
4853,"[2023, 2019, 2025, 2019, 2023]",4067.06
4854,"[2024, 2024, 2023, 2025, 2024]",3034.38
4855,"[2026, 2026, 2019, 2019, 2018]",3479.67
4856,"[2018, 2025, 2024, 2019, 2019]",2496.57
4857,"[2018, 2024, 2018, 2018, 2018]",2634.34
4858,"[2026, 2026, 2018, 2025, 2019]",3337.15
4859,"[2025, 2023, 2019, 2018, 2025]",2364.51
4860,"[2019, 2026, 2024, 2024, 2025]",2540.59
4861,"[2019, 2024, 2019, 2018, 2019]",2602.81
4862,"[2025, 2026, 2019, 2026, 2024]",3088.6
4863,"[2024, 2019, 2023, 2024, 2025]",2464.67
4864,"[2018, 2018, 2019, 2025, 2019]",2487.43
4865,"[2023, 2026, 2024, 2024, 2018]",3487.97
4866,"[2019, 2019, 2024, 2019, 2024]",2745.33
4867,"[2026, 2024, 2026, 2018, 2019]",3325.57
4868,"[2025, 2026, 2018, 2023, 2026]",2575.22
4869,"[2019, 2018, 2023, 2019, 2024]",2913.53
4870,"[2025, 2025, 2025, 2019, 2026]",2074.82
4871,"[2025, 2023, 2025, 2023, 2018]",2895.48
4872,"[2026, 2018, 2018, 2023, 2023]",4385.75
4873,"[2023, 2026, 2026, 2019, 2019]",3625.92
4874,"[2018, 2026, 2024, 2019, 2026]",2575.03
4875,"[2023, 2025, 2025, 2026, 2024]",3095.41
4876,"[2024, 2023, 2025, 2018, 2018]",2938.42
4877,"[2019, 2019, 2024, 2025, 2019]",2561.43
4878,"[2019, 2023, 2018, 2018, 2019]",2839.97
4879,"[2024, 2023, 2018, 2018, 2018]",2987.34
4880,"[2024, 2019, 2025, 2024, 2024]",2741.54
4881,"[2025, 2019, 2024, 2026, 2018]",2676.96
4882,"[2018, 2025, 2019, 2019, 2019]",2461.12
4883,"[2026, 2026, 2023, 2025, 2025]",3120.67
4884,"[2018, 2018, 2026, 2026, 2018]",2939.5
4885,"[2023, 2025, 2026, 2019, 2026]",2753.16
4886,"[2023, 2024, 2018, 2018, 2023]",4207.73
4887,"[2024, 2026, 2023, 2026, 2026]",2976.08
4888,"[2026, 2018, 2023, 2018, 2024]",3410.81
4889,"[2018, 2019, 2026, 2019, 2018]",2830.54
4890,"[2019, 2018, 2024, 2023, 2024]",2855.11
4891,"[2023, 2024, 2025, 2025, 2019]",2902.51
4892,"[2024, 2018, 2024, 2026, 2024]",2925.08
4893,"[2018, 2025, 2024, 2023, 2018]",2679.86
4894,"[2018, 2018, 2025, 2025, 2019]",2436.18
4895,"[2023, 2024, 2026, 2024, 2025]",2829.32
4896,"[2026, 2023, 2019, 2019, 2019]",3351.44
4897,"[2018, 2023, 2023, 2019, 2018]",3146.78
4898,"[2025, 2023, 2025, 2018, 2023]",3803.04
4899,"[2025, 2019, 2026, 2026, 2024]",2972.9
4900,"[2023, 2023, 2025, 2025, 2024]",3367.68
4901,"[2024, 2026, 2019, 2025, 2018]",3006.94
4902,"[2024, 2025, 2026, 2026, 2018]",2975.06
4903,"[2026, 2019, 2018, 2025, 2018]",3021.3
4904,"[2026, 2019, 2018, 2019, 2026]",2639.91
4905,"[2026, 2023, 2018, 2024, 2019]",3363.89
4906,"[2024, 2024, 2026, 2019, 2024]",3088.65
4907,"[2019, 2019, 2018, 2024, 2023]",3622.66
4908,"[2026, 2023, 2018, 2024, 2024]",3562.99
4909,"[2026, 2023, 2018, 2023, 2023]",4936.67
4910,"[2023, 2024, 2026, 2019, 2026]",2892.3
4911,"[2018, 2024, 2024, 2024, 2018]",2710.27
4912,"[2024, 2024, 2026, 2026, 2025]",2614.13
4913,"[2018, 2018, 2018, 2025, 2023]",3498.98
4914,"[2019, 2019, 2023, 2025, 2023]",3865.54
4915,"[2019, 2026, 2019, 2026, 2025]",2593.67
4916,"[2024, 2024, 2026, 2026, 2026]",2694.73
4917,"[2023, 2019, 2025, 2024, 2025]",2495.71
4918,"[2025, 2026, 2024, 2019, 2024]",2996.73
4919,"[2024, 2025, 2023, 2025, 2023]",3853.82
4920,"[2023, 2023, 2019, 2019, 2025]",2827.33
4921,"[2025, 2018, 2025, 2018, 2023]",3380.16
4922,"[2026, 2026, 2024, 2024, 2019]",3470.18
4923,"[2024, 2018, 2026, 2018, 2019]",2832.79
4924,"[2018, 2024, 2025, 2024, 2019]",2552.46
4925,"[2023, 2024, 2025, 2024, 2023]",4182.47
4926,"[2026, 2018, 2025, 2018, 2018]",2982.05
4927,"[2018, 2026, 2025, 2023, 2023]",4160.92
4928,"[2023, 2025, 2024, 2026, 2026]",2679.16
4929,"[2019, 2024, 2025, 2025, 2026]",2234.85
4930,"[2023, 2023, 2025, 2026, 2018]",3447.85
4931,"[2019, 2025, 2019, 2026, 2024]",2747.83
4932,"[2019, 2025, 2026, 2023, 2026]",2508.82
4933,"[2019, 2018, 2024, 2025, 2026]",2254.53
4934,"[2024, 2026, 2026, 2024, 2018]",3345.55
4935,"[2026, 2018, 2018, 2018, 2019]",2957.09
4936,"[2024, 2025, 2018, 2025, 2019]",2505.85
4937,"[2019, 2024, 2023, 2018, 2024]",2986.76
4938,"[2026, 2025, 2026, 2025, 2023]",4449.29
4939,"[2025, 2025, 2026, 2023, 2025]",2346.26
4940,"[2024, 2025, 2018, 2024, 2018]",2620.94
4941,"[2026, 2025, 2026, 2018, 2019]",3164.61
4942,"[2018, 2023, 2023, 2018, 2025]",2637.14
4943,"[2026, 2019, 2024, 2019, 2024]",3218.96
4944,"[2026, 2019, 2024, 2023, 2019]",3182.59
4945,"[2026, 2018, 2018, 2025, 2025]",2513.89
4946,"[2025, 2018, 2018, 2019, 2023]",3441.92
4947,"[2023, 2018, 2023, 2023, 2024]",3506.57
4948,"[2024, 2025, 2026, 2018, 2018]",2840.21
4949,"[2023, 2023, 2026, 2023, 2026]",3321.1
4950,"[2018, 2018, 2018, 2024, 2019]",2526.79
4951,"[2025, 2024, 2018, 2019, 2018]",2565.85
4952,"[2018, 2026, 2018, 2024, 2023]",4074.11
4953,"[2024, 2018, 2019, 2026, 2025]",2338.68
4954,"[2019, 2023, 2018, 2019, 2025]",2447.94
4955,"[2019, 2025, 2026, 2019, 2025]",2322.22
4956,"[2025, 2026, 2026, 2023, 2025]",2733.96
4957,"[2024, 2025, 2018, 2025, 2025]",2154.08
4958,"[2023, 2026, 2019, 2026, 2018]",3565.39
4959,"[2023, 2023, 2023, 2019, 2024]",3769.32
4960,"[2019, 2019, 2025, 2018, 2026]",2213.11
4961,"[2018, 2018, 2025, 2026, 2019]",2576.22
4962,"[2026, 2025, 2024, 2023, 2024]",3273.7
4963,"[2025, 2024, 2018, 2019, 2018]",2565.85
4964,"[2018, 2019, 2025, 2026, 2019]",2592.96
4965,"[2019, 2025, 2024, 2023, 2026]",2337.3
4966,"[2023, 2026, 2019, 2018, 2018]",3404.12
4967,"[2023, 2018, 2018, 2026, 2019]",3038.2
4968,"[2024, 2025, 2018, 2026, 2025]",2276.3
4969,"[2018, 2025, 2019, 2026, 2024]",2724.23
4970,"[2024, 2026, 2026, 2018, 2019]",3229.38
4971,"[2018, 2026, 2023, 2023, 2018]",3339.02
4972,"[2023, 2025, 2025, 2019, 2023]",3951.54
4973,"[2023, 2019, 2023, 2024, 2025]",2763.06
4974,"[2023, 2023, 2024, 2023, 2024]",3693.92
4975,"[2019, 2018, 2026, 2018, 2026]",2443.9
4976,"[2025, 2025, 2024, 2018, 2024]",2565.03
4977,"[2019, 2025, 2025, 2018, 2018]",2487.66
4978,"[2023, 2026, 2023, 2024, 2023]",5141.39
4979,"[2019, 2025, 2019, 2026, 2024]",2747.83
4980,"[2026, 2026, 2018, 2026, 2019]",3531.83
4981,"[2019, 2023, 2018, 2025, 2026]",2491.27
4982,"[2018, 2024, 2026, 2023, 2026]",2613.14
4983,"[2024, 2024, 2026, 2025, 2018]",2953.54
4984,"[2018, 2024, 2019, 2026, 2025]",2320.84
4985,"[2024, 2018, 2024, 2024, 2025]",2291.31
4986,"[2019, 2025, 2023, 2018, 2026]",2379.96
4987,"[2025, 2026, 2018, 2018, 2024]",2935.26
4988,"[2025, 2019, 2024, 2023, 2018]",2682.01
4989,"[2025, 2025, 2019, 2019, 2025]",2056.47
4990,"[2026, 2019, 2019, 2026, 2025]",2685.83
4991,"[2025, 2018, 2023, 2025, 2026]",2322.06
4992,"[2019, 2025, 2023, 2019, 2026]",2384.34
4993,"[2024, 2026, 2023, 2026, 2019]",3363.86
4994,"[2024, 2026, 2018, 2018, 2018]",3024.49
4995,"[2019, 2026, 2024, 2018, 2025]",2515.47
4996,"[2026, 2019, 2026, 2019, 2018]",3348.61
4997,"[2019, 2023, 2018, 2026, 2026]",2632.55
4998,"[2019, 2026, 2024, 2024, 2025]",2540.59
4999,"[2019, 2025, 2019, 2019, 2026]",2198.98
